age,credit_group,estimate,std_error,conf_low,conf_high,gradient
20,men-coded,0.0497489278645968,0.00195167669367982,0.0459236415449844,0.0535742141842093,0.0464103991516624|0|0.000147334600481468|-0.00394888022771699|0.00897472779026589|-0.0050258475625489|0.00842982803045689|0.0168784682277832|-0.000634346151591044|0.876732939722451|0.0674883204139126|0|0|0|0
20,women-coded,0.0410617718558612,0.00176482638488215,0.0376027121414922,0.0445208315702302,0.0387774538466733|0.0387774538466733|0.000123103028084677|-0.00329942262026099|0.00749868777332044|-0.00419926515305944|0.00704461258286176|0.0141017625611143|-0.000543943567448903|0.732602788780044|0.0562400691312161|0.000123103028084677|-0.00329942262026099|0.00749868777332044|-0.00419926515305944
21,men-coded,0.0518770450976743,0.00161694750518488,0.0487078279875119,0.0550462622078366,0.0482714798106748|0|0.000517194426542945|-0.00598156014268781|0.013594454869745|-0.00761289472705721|0.00868750511740397|0.0175466942277621|-0.000653899174192287|0.93902762566917|0.0694396571785565|0|0|0|0
21,women-coded,0.0459129613824992,0.00154135458706992,0.0428919063918422,0.0489340163731562,0.0430806716336305|0.0430806716336305|0.000461578624646042|-0.00533834117732931|0.0121325935848393|-0.00679425240751002|0.00775419585692728|0.0156588484997624|-0.000592906515895684|0.838129077078876|0.0618637072232861|0.000461578624646042|-0.00533834117732931|0.0121325935848393|-0.00679425240751002
22,men-coded,0.0537799162294731,0.00137532979026088,0.0510842698405618,0.0564755626183844,0.0499374210725901|0|0.00126825196374832|-0.007904438555812|0.0179646330813909|-0.0100601945255789|0.00908244484151046|0.0181798332314182|-0.000762664781157218|1.00116443702625|0.0713451135240585|0|0|0|0
22,women-coded,0.0508552764374562,0.00135824970938409,0.0481931070070634,0.053517445867849,0.0474146702257975|0.0474146702257975|0.00120418210097263|-0.00750512019631745|0.0170570913552669|-0.00955197115894948|0.00862436629849083|0.0172611810326544|-0.000728698142872985|0.950644064018715|0.0676843362610625|0.00120418210097263|-0.00750512019631745|0.0170570913552669|-0.00955197115894948
23,men-coded,0.0555474809094735,0.00127047498524886,0.0530573499383858,0.0580376118805613,0.0514676461774309|0|0.00255295863975352|-0.00960983800857295|0.0218405409285749|-0.0122307029200019|0.00948053671637534|0.0188319998477193|-0.000804812064940576|1.0639352075323|0.0730581336456305|0|0|0|0
23,women-coded,0.0558738968429052,0.00128399742094353,0.0533572618978559,0.0583905317879546,0.0517465840169436|0.0517465840169436|0.0025667948421103|-0.00966192019323198|0.0219589095300727|-0.0122969893368407|0.00953184982409586|0.0189340411017399|-0.00080863552412246|1.0696923316462|0.0734607928100033|0.0025667948421103|-0.00966192019323198|0.0219589095300727|-0.0122969893368407
24,men-coded,0.0569417932042554,0.00128123605673734,0.0544305705330502,0.0594530158754606,0.0526703448015038|0|0.00451460098298604|-0.0109405249077935|0.0248648293358942|-0.0139243044281008|0.00963200473743819|0.0192631207964394|-0.00067984177141537|1.12117375966131|0.0744744846520452|0|0|0|0
24,women-coded,0.0606021591865247,0.00133298391486975,0.05798951071338,0.0632148076596694,0.0557718261705685|0.0557718261705685|0.00478044224319158|-0.0115847552483615|0.0263289892008216|-0.0147442339524601|0.0101988658145796|0.0203970906228013|-0.000713587874110637|1.18706137014227|0.0789393522837369|0.00478044224319158|-0.0115847552483615|0.0263289892008216|-0.0147442339524601
25,men-coded,0.0585753830558307,0.00134775401204989,0.055933785192213,0.0612169809194485,0.0540680506040492|0|0.00735926244332892|-0.0118843661796877|0.0270099231356538|-0.0151255569559661|0.0100773056703245|0.0197802157139157|-0.000734588599753514|1.18479658021833|0.0759430685951628|0|0|0|0
25,women-coded,0.0655498298885813,0.00145772240629063,0.0626926939722517,0.0684069658049109,0.0599226291101141|0.0599226291101141|0.00815613562887663|-0.0131712251290391|0.0299346025659979|-0.0167633774369588|0.0111669000497197|0.0219215786881112|-0.000801173016572241|1.31274262567265|0.0843255266685964|0.00815613562887663|-0.0131712251290391|0.0299346025659979|-0.0167633774369588
26,men-coded,0.0598451220435791,0.00138129014698265,0.0571377933554931,0.0625524507316651,0.0551509538610002|0|0.0112052731654096|-0.0122154437901662|0.0277623722503777|-0.0155469284602115|0.010293074547125|0.0201628982838305|-0.000624125167604394|1.24160942437055|0.0770564539087593|0|0|0|0
26,women-coded,0.0699254807585897,0.00155166976448432,0.0668842080202005,0.072966753496979,0.0635448955407131|0.0635448955407131|0.012910708935256|-0.0140746269155368|0.0319877884444019|-0.0179131615288651|0.0118579582738879|0.0232315217500621|-0.000701179492567809|1.42994643500267|0.0890233131198855|0.012910708935256|-0.0140746269155368|0.0319877884444019|-0.0179131615288651
27,men-coded,0.0606888451350578,0.00133397574546908,0.0580742526739384,0.0633034375961771,0.0558706480810279|0|0.0161625803377259|-0.0118050737725847|0.0268297131195106|-0.0150246393469259|0.0105059138001289|0.0203920444029592|-0.000632130827290281|1.28750282223977|0.0777336181994475|0|0|0|0
27,women-coded,0.0734667749260679,0.00154456243930008,0.0704394325450397,0.076494117307096,0.0664449308215564|0.0664449308215564|0.0192215692733788|-0.0140393451141855|0.0319076025322397|-0.0178682574180543|0.0124916988490353|0.0242520831341403|-0.000727625543994342|1.53020365793363|0.0927557825935622|0.0192215692733788|-0.0140393451141855|0.0319076025322397|-0.0178682574180543
28,men-coded,0.0612886814778001,0.00121531667870629,0.0589066607875357,0.0636707021680644,0.0563813696194882|0|0.0222285935005129|-0.0106132487798934|0.0241916202167869|-0.0135473073214007|0.0105451139110977|0.0205568098155704|-0.000640363768359097|1.32880539518362|0.0781576831140812|0|0|0|0
28,women-coded,0.0762176760796183,0.0014445495349148,0.0733863589911853,0.0790489931680513,0.0686771758147358|0.0686771758147358|0.0270762671118466|-0.0129278156479961|0.0294673961644473|-0.0165017418520905|0.0128436440862593|0.0250409110431279|-0.000750305112446525|1.61723637888418|0.0955704025156066|0.0270762671118466|-0.0129278156479961|0.0294673961644473|-0.0165017418520905
29,men-coded,0.0615219035292848,0.00111803431968368,0.0593305562627048,0.0637132507958649,0.0565784686092521|0|0.0287195290334233|-0.00868085076728982|0.0202959828343414|-0.0113657503872312|0.0105324040534562|0.0205967314601738|-0.00056864826033618|1.35990870834404|0.0781714099595282|0|0|0|0
29,women-coded,0.0779208594795063,0.00138026924659097,0.075215531756188,0.0806261872028246,0.070046733349502|0.070046733349502|0.0355560912406617|-0.0107472905133338|0.0251273555578473|-0.0140713191123945|0.0130390022011447|0.0255017684967532|-0.000672417944676387|1.68189605863584|0.0971860996232237|0.0355560912406617|-0.0107472905133338|0.0251273555578473|-0.0140713191123945
30,men-coded,0.0615353280621435,0.00112929060624192,0.0593219184739093,0.0637487376503777,0.0565880701883082|0|0.034874820116053|-0.00613846419345126|0.0158642504460285|-0.00888398024977596|0.0104758735802645|0.020546203058577|-0.000520814796367592|1.38532943626928|0.0779534017372317|0|0|0|0
30,women-coded,0.0786860210407299,0.0014606895229308,0.0758230695757856,0.0815489725056743,0.0706567557028039|0.0706567557028039|0.0435452496775249|-0.00766458307314229|0.0198083529698585|-0.0110926776631207|0.0130807668720203|0.0256587189656011|-0.000620117645634326|1.72767342735388|0.0977569785369625|0.0435452496775249|-0.00766458307314229|0.0198083529698585|-0.0110926776631207
31,men-coded,0.0613644020044448,0.0012276697967998,0.0589581692027172,0.0637706348061724,0.0564383673510307|0|0.0399172069437578|-0.00310365335477202|0.0115767422356338|-0.00648297565195494|0.0103658288770397|0.0204840947394266|-0.000503943084189441|1.40680849819112|0.0775719128187483|0|0|0|0
31,women-coded,0.0785187151023368,0.00162726550637127,0.0753292747098491,0.0817081554948245,0.0705142104340714|0.0705142104340714|0.049872639172315|-0.00387771078514037|0.0144640051875912|-0.00809984290505107|0.0129534999188987|0.025597289203557|-0.00059896440758407|1.75534486111099|0.0973371045289703|0.049872639172315|-0.00387771078514037|0.0144640051875912|-0.00809984290505107
32,men-coded,0.0610646484678604,0.00131235425825129,0.0584924341216879,0.0636368628140329,0.0561800006352797|0|0.0431177635729722|0.000303896981848811|0.00810283878957472|-0.00453758972216184|0.0102866819543105|0.0203960570904393|-0.000546899195422934|1.42296908372797|0.0770262557097624|0|0|0|0
32,women-coded,0.0774799725243118,0.00173080994187123,0.0740875850382442,0.0808723600103794,0.0696733563809917|0.0696733563809917|0.0534738211783589|0.000376887192595785|0.0100489848397979|-0.00562743151028683|0.0127591204349092|0.0252991747870712|-0.00064953993631965|1.76227739572582|0.09591754333162|0.0534738211783589|0.000376887192595785|0.0100489848397979|-0.00562743151028683
33,men-coded,0.0605820329293954,0.00129903013679442,0.0580359338612783,0.0631281319975125,0.0557649265110089|0|0.0439140566503458|0.00395680610805199|0.00592421707935637|-0.00331092288271207|0.0101859913154548|0.0202013179610539|-0.000568365370854218|1.43361797296729|0.0763262475887072|0|0|0|0
33,women-coded,0.0755497989431866,0.00167748780165156,0.0722619228519495,0.0788376750344237,0.0681089295603236|0.0681089295603236|0.0536347768792631|0.00483267611666212|0.00723558890870758|-0.00404382158297621|0.0124427474432073|0.024678119342439|-0.000668627847619233|1.74853188292781|0.093567576572356|0.0536347768792631|0.00483267611666212|0.00723558890870758|-0.00404382158297621
34,men-coded,0.0598687758762429,0.00121144400079385,0.0574943456346869,0.0622432061177988,0.0551543169185208|0|0.0425823451124574|0.00767956323415743|0.00492211807261693|-0.0027038581997907|0.0100860903739659|0.0199545107648555|-0.000539638537777685|1.4379653730075|0.0753803742514403|0|0|0|0
34,women-coded,0.0728629301114791,0.00154368112964709,0.0698373150973708,0.0758885451255874,0.0659215433407795|0.0659215433407795|0.0508952710452346|0.00917876766249583|0.00588301402285145|-0.0032317054305675|0.0120567593293283|0.023854912429366|-0.000624916181978458|1.71644085847936|0.0903844005919603|0.0508952710452346|0.00917876766249583|0.00588301402285145|-0.0032317054305675
35,men-coded,0.0588753937213023,0.00112180593916713,0.0566766540805347,0.0610741333620699,0.0543042747991331|0|0.0396201082448299|0.0112785019108287|0.00481896802615448|-0.00252407263993501|0.00994005115179574|0.0196113461165676|-0.00050243360815629|1.43533953164294|0.0740976345330787|0|0|0|0
35,women-coded,0.0695872168071271,0.00146053733266562,0.0667245636351025,0.0724498699791517,0.0632335389398407|0.0632335389398407|0.0461348515704725|0.013133028521225|0.0056113520244736|-0.00293910647282716|0.0115758365936568|0.0228406115483799|-0.000569344013194229|1.66939520472494|0.0865074847479963|0.0461348515704725|0.013133028521225|0.0056113520244736|-0.00293910647282716
36,men-coded,0.0565794100956744,0.00109526345958488,0.054432693714888,0.0587261264764607,0.052353274462963|0|0.0349969586787835|0.0143316046428933|0.00524667381281121|-0.00253925524402789|0.00958268585728786|0.0189059435838263|-0.000487182196864662|1.38412078126372|0.0713956566155465|0|0|0|0
36,women-coded,0.0647836941482617,0.00148534391244667,0.0618724200798663,0.0676949682166572,0.0592644877124378|0.0592644877124378|0.0396169456231196|0.016223535508923|0.00593929298406145|-0.00287446511707488|0.0108486893981937|0.021405041501393|-0.000540194468595333|1.56543140469037|0.0809823437997952|0.0396169456231196|0.016223535508923|0.00593929298406145|-0.00287446511707488
37,men-coded,0.0538463998378904,0.00114068358402914,0.0516106600131933,0.0560821396625875,0.0500137187999399|0|0.0298625793637421|0.0167467310701833|0.00595969867556629|-0.00259317949046087|0.00915417105990169|0.0180601378666386|-0.00046860035178149|1.32266493482846|0.068159918982055|0|0|0|0
37,women-coded,0.0596926259511658,0.00158150775736326,0.0565928707467338,0.0627923811555977,0.0549955394658928|0.0549955394658928|0.0328371635095051|0.0184148575949538|0.00655333879546123|-0.00285148372150155|0.0100666743133517|0.0198612944427417|-0.000507783680937253|1.45348030446889|0.0750557826430452|0.0328371635095051|0.0184148575949538|0.00655333879546123|-0.00285148372150155
38,men-coded,0.050622837776433,0.00120260218939237,0.048265737485224,0.0529799380676421,0.0472301198907612|0|0.0247395866094463|0.01834458731072|0.00666240266682687|-0.00251645669623204|0.0086443570876164|0.0170539167982211|-0.000446079581596479|1.24949350627014|0.0643161343611012|0|0|0|0
38,women-coded,0.0544245304872326,0.00165078592374511,0.0511889900766921,0.057660070897773,0.0505101812732827|0.0505101812732827|0.0264577140002909|0.0196185915384323|0.00712509659504071|-0.00269122086048124|0.00924510145698538|0.0182396134887061|-0.000472570054225918|1.33570940726663|0.0688461608921275|0.0264577140002909|0.0196185915384323|0.00712509659504071|-0.00269122086048124
39,men-coded,0.0469183420061654,0.00122206167138424,0.0445231011302523,0.0493135828820786,0.0439988513560353|0|0.0200449312479458|0.0190243778868824|0.00713542943211808|-0.00220588721091105|0.0080525972691328|0.015886029927406|-0.000419381703035076|1.16448512771877|0.0598623184210941|0|0|0|0
39,women-coded,0.0490938786621773,0.00163316741539884,0.0458928705279956,0.0522948867963591,0.0459006815129434|0.0459006815129434|0.0209113642016612|0.0198466978899415|0.00744385509456734|-0.00230123567322661|0.00840088395801178|0.0165733933763687|-0.000435167118363851|1.21452752853739|0.0624826550073208|0.0209113642016612|0.0198466978899415|0.00744385509456734|-0.00230123567322661
40,men-coded,0.0428675710824615,0.0011878127459116,0.0405394581004748,0.0451956840644483,0.040425709571528|0|0.0159093701580197|0.0188675672274444|0.00734938590017393|-0.00170061371411001|0.00739828499298664|0.0145947764312745|-0.000389173483169961|1.07039723634576|0.0549472479378624|0|0|0|0
40,women-coded,0.0438243880543976,0.00154266499427189,0.0408007646656247,0.0468480114431705,0.0412734731902229|0.0412734731902229|0.0162430040103199|0.0192632371424129|0.00750350915618982|-0.00173627711869974|0.0075535216827|0.0149011205089187|-0.00039640533345755|1.0927285904335|0.0561124630473013|0.0162430040103199|0.0192632371424129|0.00750350915618982|-0.00173627711869974
41,men-coded,0.0386288535210844,0.00111687504197873,0.0364397784388061,0.0408179286033627,0.036641978220163|0|0.0123636033358962|0.0180235637583716|0.00732888607960565|-0.00107407495371049|0.00670547570636551|0.0132276457049861|-0.000356410636097018|0.970667562958262|0.049753643783513|0|0|0|0
41,women-coded,0.0387264330896889,0.0014226880031502,0.0359379646035145,0.0415149015758632,0.0367296008058885|0.0367296008058885|0.0123931686308338|0.0180666638129322|0.00734641176953767|-0.00107664340741519|0.00672151881089534|0.0132593027230827|-0.000357178273688114|0.972978187500226|0.0498737881960868|0.0123931686308338|0.0180666638129322|0.00734641176953767|-0.00107664340741519
42,men-coded,0.0343484299502426,0.00103527208541879,0.0323192966628218,0.0363775632376634,0.0327742425362924|0|0.00940276379730704|0.0166599750095231|0.00710822505941606|-0.000396721329953742|0.00599735658135031|0.011830400813386|-0.00032210887137444|0.868622557468553|0.0444562960562397|0|0|0|0
42,women-coded,0.033889366845618,0.00131914026145978,0.0313038519331569,0.0364748817580792,0.0323566362697736|0.0323566362697736|0.00928295467952183|0.0164476951999647|0.0070176527349649|-0.000391666344677823|0.0059209040865636|0.0116795521585802|-0.000318356660418123|0.857598519516794|0.0438850191836865|0.00928295467952183|0.0164476951999647|0.0070176527349649|-0.000391666344677823
43,men-coded,0.0301538093063128,0.000967886002667019,0.0282567527410855,0.0320508658715402,0.0289381609329597|0|0.00699395831678627|0.0149467858908908|0.00672765330650657|0.000269763418776063|0.00529510550412338|0.0104448277754318|-0.000287288744899602|0.767313073539522|0.039213568196702|0|0|0|0
43,women-coded,0.0293804925528496,0.00126461117970307,0.0269018546406316,0.0318591304650676,0.0282259644443452|0.0282259644443452|0.00682183015127253|0.0145789308481247|0.00656207916817033|0.000263124276777577|0.00516473554454041|0.0101876118936039|-0.000280737420294655|0.748493419649986|0.0382414307020707|0.00682183015127253|0.0145789308481247|0.00656207916817033|0.000263124276777577
44,men-coded,0.026149349479266,0.000929555299858574,0.0243274210915432,0.0279712778669888,0.0252333623112987|0|0.00508440830514952|0.0130428591980298|0.00622966098697432|0.000876433821145005|0.00461695757676354|0.0091068961057725|-0.000252914985767017|0.669377816143265|0.0341606614311844|0|0|0|0
44,women-coded,0.025245454556059,0.00126553445193342,0.0227650070302695,0.0277259020818485,0.0243913227050165|0.0243913227050165|0.00491474113536736|0.0126076177946682|0.00602177663054061|0.000847187144440376|0.00446283542726285|0.00880283671787038|-0.000245001244418358|0.647106139726018|0.0330136195851005|0.00491474113536736|0.0126076177946682|0.00602177663054061|0.000847187144440376
45,men-coded,0.0224141467611822,0.000919989801369522,0.020610966750498,0.0242173267718665,0.0217399262859793|0|0.00360941810385578|0.0110858215019207|0.00565563205240943|0.00138905462779347|0.00397756253646249|0.00784549434041948|-0.000219839883420954|0.576947306305884|0.029405177451755|0|0|0|0
45,women-coded,0.0215098247187201,0.00130378151265149,0.0189544129539232,0.024065236483517,0.0208886369649194|0.0208886369649194|0.00346808096008476|0.0106517242867039|0.00543416951814291|0.00133466219998785|0.00382176262654512|0.00753814202564061|-0.000211683504857922|0.554411573701375|0.0282476729623969|0.00346808096008476|0.0106517242867039|0.00543416951814291|0.00133466219998785
46,men-coded,0.0190020726782758,0.000927106163345447,0.0171849445981188,0.0208192007584329,0.0185166911112048|0|0.0024994982491709|0.00918586454675205|0.00504315657508254|0.00178817174019935|0.00338767740928411|0.0066818271668315|-0.000188759279102385|0.491595617988429|0.0250252203095639|0|0|0|0
46,women-coded,0.0181815793026497,0.00135251063469589,0.0155306584586458,0.0208325001466537,0.0177370310436248|0.0177370310436248|0.00239425487916699|0.00879908638372659|0.00483081043977512|0.00171287934095611|0.00324499971936415|0.00640037530393848|-0.000181160669827646|0.470940075539142|0.0239668590194906|0.00239425487916699|0.00879908638372659|0.00483081043977512|0.00171287934095611
47,men-coded,0.0159435931872701,0.000935827549754847,0.0141093711897506,0.0177778151847896,0.0156013739852562|0|0.00168615794203108|0.00742341296810336|0.00442417399232927|0.00206762908279249|0.00285419105042607|0.0056294669208887|-0.000160186690086552|0.414340190639657|0.0210699379580065|0|0|0|0
47,women-coded,0.0152541270636788,0.00138994662170967,0.0125298316851279,0.0179784224422298,0.0149407598215038|0.0149407598215038|0.00161476039589944|0.00710908092563408|0.00423683972260406|0.00198007877736618|0.00273330863896475|0.0053910194568675|-0.000153651674378105|0.396826495648646|0.0201744811007984|0.00161476039589944|0.00710908092563408|0.00423683972260406|0.00198007877736618
48,men-coded,0.013248875262454,0.000934704547444244,0.0114168543494633,0.0150808961754447,0.0130122480547873|0|0.00110611789839987|0.0058501085688077|0.00382398708930773|0.00223203449827204|0.00238043331386749|0.0046949658475127|-0.000134447182948055|0.345683456384007|0.0175621033289442|0|0|0|0
48,women-coded,0.0127095602283339,0.00140363428575136,0.00995843702826124,0.0154606834284066,0.012491747686525|0.012491747686525|0.00106187229448618|0.005616099529661|0.00367102453588615|0.00214275132649162|0.00228519655054352|0.00450711275344252|-0.000129231619054183|0.331876056769626|0.0168574615569667|0.00106187229448618|0.005616099529661|0.00367102453588615|0.00214275132649162
49,men-coded,0.0109116423589979,0.000917817695359563,0.00911271967609311,0.0127105650419026,0.0107509532473414|0|0.000703931462623545|0.00449223353244314|0.00326106677919797|0.00229372147307676|0.00196669116585011|0.00387887574729125|-0.00011168897025764|0.285685339497771|0.0145021371311025|0|0|0|0
49,women-coded,0.0105218465649318,0.0013891345457541,0.00779914285525377,0.0132445502746099,0.0103724042643809|0.0103724042643809|0.000679145517310655|0.00433405868079937|0.00314624221580989|0.00221295785046101|0.0018974318922425|0.00374226710562786|-0.000107853986199216|0.275638301863046|0.0139902224540581|0.000679145517310655|0.00433405868079937|0.00314624221580989|0.00221295785046101
50,men-coded,0.00891327592420055,0.000883925967410189,0.00718078102807658,0.0106457708203245,0.00880594896248936|0|0.00043319308158645|0.00335557615164497|0.00274748343276169|0.00226969629649626|0.00161084160228347|0.00317699725511856|-9.19081865697437e-05|0.234053624702237|0.0118729056305243|0|0|0|0
50,women-coded,0.00865974894540145,0.00134741075165673,0.00601882387215426,0.0113006740186486,0.0085584280357867|0.0085584280357867|0.000421016727459007|0.00326125635462882|0.00267025613468464|0.00220589881901422|0.00156555770357803|0.00308768054745925|-8.93772966404247e-05|0.227481289468208|0.0115384898136808|0.000421016727459007|0.00326125635462882|0.00267025613468464|0.00220589881901422
51,men-coded,0.00722675310583389,0.000834874239292633,0.00559039959682033,0.00886310661484746,0.00715614048961331|0|0.000256632547074385|0.00243081100551011|0.00228976097894909|0.00217893595807973|0.00130901574878236|0.00258169002121229|-7.49812401125578e-05|0.190239661332692|0.00964467520817144|0|0|0|0
51,women-coded,0.00708933417800546,0.00128253016865561,0.00457557504744046,0.00960309330857046,0.00702137685508256|0.00702137685508256|0.000251799671751042|0.00238503424547649|0.00224664045718492|0.00213790248067011|0.00128436193132779|0.00253306457341893|-7.35925800852415e-05|0.186659997765782|0.00946274240764468|0.000251799671751042|0.00238503424547649|0.00224664045718492|0.00213790248067011
52,men-coded,0.00582013286480888,0.000774146092401056,0.00430280652370281,0.00733745920591495,0.00577430139633675|0|0.000145436949769993|0.0016986605366365|0.00188995181133398|0.00204025209859628|0.00105622515433091|0.00208310791040777|-6.06993891214209e-05|0.153529186789374|0.00777973509714026|0|0|0|0
52,women-coded,0.00577600360871313,0.00119998563073399,0.00342403177247452,0.00812797544495174,0.0057308635239587|0.0057308635239587|0.000144342882933238|0.00168588215973175|0.00187573442295285|0.00202490405834086|0.00104827889384572|0.00206743554980045|-6.02489054519033e-05|0.152375008243618|0.00772113117326965|0.000144342882933238|0.00168588215973175|0.00187573442295285|0.00202490405834086
53,men-coded,0.0046594274556197,0.000705792402294605,0.00327607434712227,0.00604278056411713,0.0046300365712127|0|7.8123895313162e-05|0.0011343544578118|0.001546761899722|0.00187079631836573|0.000846903726326505|0.00167026757860826|-4.88013166379384e-05|0.123121288328881|0.0062363655781153|0|0|0|0
53,women-coded,0.00468603627184568,0.00110557155783365,0.00251911601849173,0.00685295652519963,0.00465630913287222|0.00465630913287222|7.85671995560395e-05|0.00114079120987158|0.0015555388060721|0.0018814119173725|0.000851709710436996|0.00167974625142863|-4.90752251755419e-05|0.123819550446496|0.00627179217398136|7.85671995560395e-05|0.00114079120987158|0.0015555388060721|0.0018814119173725
54,men-coded,0.0037108044285606,0.000633729871375864,0.00246869388066391,0.0049529149764573,0.00369215404203354|0|3.92318611314071e-05|0.00071114573848584|0.0012566018799275|0.0016851745624888|0.000675341328310329|0.0013319032707832|-3.90009663836939e-05|0.098191828396036|0.00497199187367419|0|0|0|0
54,women-coded,0.00378767769360405,0.00100468904373537,0.00181848716788273,0.00575686821932536,0.00376824731842407|0.00376824731842407|4.00404083421684e-05|0.000725802063388998|0.00128249975771743|0.00171990508897548|0.000689260530903017|0.00135935529222072|-3.97977156596193e-05|0.100214632816337|0.00507455329791306|4.00404083421684e-05|0.000725802063388998|0.00128249975771743|0.00171990508897548
55,men-coded,0.0029421455919166,0.000561339342857837,0.00184192047991524,0.00404237070391796,0.00293041700808208|0|1.80195851047944e-05|0.000402837657360294|0.00101448848588721|0.00149507127972978|0.000536003929633811|0.00105709785391268|-3.10093415361731e-05|0.0779404498948312|0.00394549811098525|0|0|0|0
55,women-coded,0.00305183374183031,0.000901965627893142,0.00128398111115975,0.00481968637250087,0.00303921502001991|0.00303921502001991|1.86886008216494e-05|0.00041779386875738|0.0010521535451924|0.00155057900524848|0.000555905133179785|0.00109634743989084|-3.21525235522498e-05|0.080833148027291|0.00409208828475959|1.86886008216494e-05|0.00041779386875738|0.0010521535451924|0.00155057900524848
