credit_group,scope,age,credited_performer_years,retained_performer_years,forward_continuity_rate,baseline_rate,normalized_continuity
men-coded,film,18,896,575,0.641741071428571,0.709431460301674,0.904585019609479
men-coded,film,19,1131,701,0.619805481874447,0.709431460301674,0.873665063586108
men-coded,film,20,1367,877,0.64155084125823,0.709431460301674,0.90431687507264
men-coded,film,21,1691,1109,0.655824955647546,0.709431460301674,0.924437373229356
men-coded,film,22,2047,1350,0.659501709819248,0.709431460301674,0.929620050312972
men-coded,film,23,2345,1639,0.698933901918977,0.709431460301674,0.985202857541399
men-coded,film,24,2835,1895,0.668430335097002,0.709431460301674,0.942205656925283
men-coded,film,25,3269,2205,0.674518201284797,0.709431460301674,0.950786987932518
men-coded,film,26,3721,2585,0.69470572426767,0.709431460301674,0.97924290525861
men-coded,film,27,4036,2790,0.691278493557978,0.709431460301674,0.974411951316655
men-coded,film,28,4286,2989,0.697386840877275,0.709431460301674,0.983022152105747
men-coded,film,29,4519,3173,0.702146492586856,0.709431460301674,0.989731259293574
men-coded,film,30,4632,3273,0.70660621761658,0.709431460301674,0.996017596000194
men-coded,film,31,4784,3374,0.705267558528428,0.709431460301674,0.994130649673366
men-coded,film,32,4886,3482,0.712648383135489,0.709431460301674,1.00453450828421
men-coded,film,33,4926,3508,0.712139667072676,0.709431460301674,1.00381743258165
men-coded,film,34,4904,3483,0.710236541598695,0.709431460301674,1.00113482604321
men-coded,film,35,4834,3466,0.717004551096401,0.709431460301674,1.01067487307584
men-coded,film,36,4881,3531,0.723417332513829,0.709431460301674,1.01971419791026
men-coded,film,37,4830,3501,0.724844720496894,0.709431460301674,1.02172621466303
men-coded,film,38,4788,3496,0.73015873015873,0.709431460301674,1.02921673342234
men-coded,film,39,4675,3372,0.721283422459893,0.709431460301674,1.01670628217302
men-coded,film,40,4553,3324,0.730068086975621,0.709431460301674,1.02908896465512
men-coded,film,41,4460,3271,0.733408071748879,0.709431460301674,1.03379693851892
men-coded,film,42,4344,3216,0.740331491712707,0.709431460301674,1.04355604894924
men-coded,film,43,4134,3079,0.744799225931302,0.709431460301674,1.04985367524382
men-coded,film,44,4124,3081,0.747090203685742,0.709431460301674,1.05308299038226
men-coded,film,45,4121,3044,0.738655666100461,0.709431460301674,1.04119383962245
men-coded,film,46,3845,2833,0.736801040312094,0.709431460301674,1.03857959724366
men-coded,film,47,3802,2775,0.729879011046818,0.709431460301674,1.02882244711342
men-coded,film,48,3605,2663,0.73869625520111,0.709431460301674,1.04125105318418
men-coded,film,49,3524,2581,0.732406356413167,0.709431460301674,1.03238494117772
men-coded,film,50,3315,2440,0.73604826546003,0.709431460301674,1.0375185012898
men-coded,film,51,3171,2336,0.736676127404604,0.709431460301674,1.03840352257756
men-coded,film,52,3137,2302,0.733822123047498,0.709431460301674,1.03438057671625
men-coded,film,53,2936,2174,0.740463215258856,0.709431460301674,1.04374172375156
men-coded,film,54,2764,2039,0.737698986975398,0.709431460301674,1.0398453243978
men-coded,film,55,2672,1980,0.741017964071856,0.709431460301674,1.04452368627232
men-coded,film,56,2659,1952,0.734110567882663,0.709431460301674,1.03478716262526
men-coded,film,57,2526,1803,0.713776722090261,0.709431460301674,1.00612499167536
men-coded,film,58,2357,1704,0.722952906236742,0.709431460301674,1.01905955217903
men-coded,film,59,2209,1620,0.733363512901765,0.709431460301674,1.03373412928419
men-coded,film,60,2147,1512,0.704238472286912,0.709431460301674,0.992680070866107
men-coded,film,61,2013,1452,0.721311475409836,0.709431460301674,1.01674582503447
men-coded,film,62,1960,1359,0.693367346938776,0.709431460301674,0.977356356093839
men-coded,film,63,1783,1254,0.703309029725182,0.709431460301674,0.991369947741127
men-coded,film,64,1711,1226,0.716540035067212,0.709431460301674,1.01002010083189
men-coded,film,65,1624,1128,0.694581280788177,0.709431460301674,0.979067492288569
men-coded,film,66,1490,1012,0.679194630872483,0.709431460301674,0.957378786928432
men-coded,film,67,1341,893,0.665920954511559,0.709431460301674,0.938668485646783
men-coded,film,68,1232,821,0.666396103896104,0.709431460301674,0.939338246449812
men-coded,film,69,1157,765,0.661192739844425,0.709431460301674,0.932003691467621
men-coded,film,70,1088,732,0.672794117647059,0.709431460301674,0.948356755085212
men-coded,film,71,926,602,0.650107991360691,0.709431460301674,0.916378857915666
men-coded,film,72,896,576,0.642857142857143,0.709431460301674,0.906158210947931
men-coded,film,73,750,461,0.614666666666667,0.709431460301674,0.866421495327103
men-coded,film,74,700,440,0.628571428571429,0.709431460301674,0.886021361815754
men-coded,film,75,580,352,0.606896551724138,0.709431460301674,0.855468901063487
women-coded,film,18,1142,818,0.716287215411559,0.692286741475106,1.03466840038755
women-coded,film,19,1404,1022,0.727920227920228,0.692286741475106,1.05147214919817
women-coded,film,20,1779,1290,0.725126475548061,0.692286741475106,1.0474366069802
women-coded,film,21,2199,1580,0.718508412914961,0.692286741475106,1.03787689387779
women-coded,film,22,2624,1904,0.725609756097561,0.692286741475106,1.04813470001094
women-coded,film,23,3076,2276,0.739921976592978,0.692286741475106,1.06880853303123
women-coded,film,24,3467,2493,0.719065474473608,0.692286741475106,1.03868156270253
women-coded,film,25,3674,2611,0.710669569951007,0.692286741475106,1.02655377804395
women-coded,film,26,3959,2842,0.717858044960849,0.692286741475106,1.03693744506973
women-coded,film,27,4081,2907,0.712325410438618,0.692286741475106,1.02894562001984
women-coded,film,28,4067,2907,0.714777477255963,0.692286741475106,1.03248760150012
women-coded,film,29,3990,2845,0.713032581453634,0.692286741475106,1.02996712017671
women-coded,film,30,3956,2783,0.703488372093023,0.692286741475106,1.01618062277785
women-coded,film,31,3856,2672,0.692946058091286,0.692286741475106,1.00095237504444
women-coded,film,32,3730,2618,0.701876675603217,0.692286741475106,1.01385254628404
women-coded,film,33,3458,2377,0.687391555812608,0.692286741475106,0.992928962279319
women-coded,film,34,3358,2259,0.672721858248958,0.692286741475106,0.971738757867209
women-coded,film,35,3084,2112,0.684824902723736,0.692286741475106,0.989221462286752
women-coded,film,36,2871,1990,0.693138279345176,0.692286741475106,1.0012300363694
women-coded,film,37,2655,1829,0.688888888888889,0.692286741475106,0.995091842176585
women-coded,film,38,2497,1768,0.70804965959151,0.692286741475106,1.02276934855464
women-coded,film,39,2356,1652,0.701188455008489,0.692286741475106,1.01285841978486
women-coded,film,40,2235,1581,0.707382550335571,0.692286741475106,1.02180571713435
women-coded,film,41,2215,1514,0.68352144469526,0.692286741475106,0.987338632600171
women-coded,film,42,1986,1372,0.690835850956697,0.692286741475106,0.997904205827606
women-coded,film,43,1935,1338,0.691472868217054,0.692286741475106,0.998824369716632
women-coded,film,44,1875,1305,0.696,0.692286741475106,1.0053637579668
women-coded,film,45,1741,1211,0.695577254451465,0.692286741475106,1.00475310702809
women-coded,film,46,1673,1209,0.722653915122534,0.692286741475106,1.04386502272559
women-coded,film,47,1621,1149,0.708821714990746,0.692286741475106,1.02388457343616
women-coded,film,48,1469,1033,0.703199455411845,0.692286741475106,1.01576328605324
women-coded,film,49,1371,944,0.688548504741065,0.692286741475106,0.994600161305883
women-coded,film,50,1265,890,0.703557312252965,0.692286741475106,1.0162802060225
women-coded,film,51,1256,879,0.69984076433121,0.692286741475106,1.01091169656089
women-coded,film,52,1155,818,0.708225108225108,0.692286741475106,1.02302278202821
women-coded,film,53,1145,808,0.705676855895197,0.692286741475106,1.01934186171406
women-coded,film,54,1077,734,0.681522748375116,0.692286741475106,0.984451539434289
women-coded,film,55,1014,684,0.674556213017752,0.692286741475106,0.9743884616083
women-coded,film,56,959,656,0.684045881126173,0.692286741475106,0.988096174814249
women-coded,film,57,967,638,0.659772492244054,0.692286741475106,0.95303355201954
women-coded,film,58,851,583,0.685076380728555,0.692286741475106,0.989584719286711
women-coded,film,59,829,577,0.696019300361882,0.692286741475106,1.00539163711098
women-coded,film,60,737,469,0.636363636363636,0.692286741475106,0.919219736907989
women-coded,film,61,789,521,0.660329531051965,0.692286741475106,0.953838187981113
women-coded,film,62,661,422,0.638426626323752,0.692286741475106,0.922199701475446
women-coded,film,63,658,454,0.689969604863222,0.692286741475106,0.996652923603669
women-coded,film,64,612,390,0.637254901960784,0.692286741475106,0.920507159508701
women-coded,film,65,619,393,0.634894991922456,0.692286741475106,0.917098297404394
women-coded,film,66,557,362,0.649910233393178,0.692286741475106,0.938787635898336
women-coded,film,67,520,333,0.640384615384615,0.692286741475106,0.925027993487353
women-coded,film,68,523,327,0.625239005736138,0.692286741475106,0.903150339704463
women-coded,film,69,447,280,0.626398210290828,0.692286741475106,0.90482479695641
women-coded,film,70,424,266,0.627358490566038,0.692286741475106,0.90621191044231
women-coded,film,71,373,224,0.600536193029491,0.692286741475106,0.867467419280462
women-coded,film,72,385,219,0.568831168831169,0.692286741475106,0.821669887276937
women-coded,film,73,353,192,0.543909348441926,0.692286741475106,0.785670612848917
women-coded,film,74,301,160,0.53156146179402,0.692286741475106,0.767834236809711
women-coded,film,75,286,171,0.597902097902098,0.692286741475106,0.863662500061902
men-coded,overall,18,2192,1730,0.789233576642336,0.825695700064426,0.95584072507675
men-coded,overall,19,2629,2044,0.777481932293648,0.825695700064426,0.941608309493417
men-coded,overall,20,3078,2457,0.798245614035088,0.825695700064426,0.966755202882616
men-coded,overall,21,3700,2940,0.794594594594595,0.825695700064426,0.962333453513922
men-coded,overall,22,4416,3520,0.797101449275362,0.825695700064426,0.965369505028508
men-coded,overall,23,5103,4136,0.81050362531844,0.825695700064426,0.981600879422285
men-coded,overall,24,6009,4843,0.805957730071559,0.825695700064426,0.976095346032047
men-coded,overall,25,6888,5592,0.81184668989547,0.825695700064426,0.983227464830112
men-coded,overall,26,7580,6210,0.819261213720317,0.825695700064426,0.992207194074515
men-coded,overall,27,8122,6651,0.81888697365181,0.825695700064426,0.991753951955805
men-coded,overall,28,8660,7079,0.81743648960739,0.825695700064426,0.989997270839134
men-coded,overall,29,8955,7382,0.824343941931882,0.825695700064426,0.998362885827746
men-coded,overall,30,9345,7698,0.823756019261637,0.825695700064426,0.997650852726207
men-coded,overall,31,9537,7842,0.822271154451085,0.825695700064426,0.995852533066269
men-coded,overall,32,9677,7983,0.824945747649065,0.825695700064426,0.999091732686384
men-coded,overall,33,9812,8130,0.828577252344069,0.825695700064426,1.00348984774829
men-coded,overall,34,9746,8077,0.828750256515493,0.825695700064426,1.00369937308724
men-coded,overall,35,9543,7946,0.832652205805302,0.825695700064426,1.00842502357749
men-coded,overall,36,9550,7993,0.83696335078534,0.825695700064426,1.01364625093728
men-coded,overall,37,9403,7916,0.84185898117622,0.825695700064426,1.01957534853401
men-coded,overall,38,9376,7826,0.834684300341297,0.825695700064426,1.01088609311659
men-coded,overall,39,9221,7706,0.835701117015508,0.825695700064426,1.01211755971395
men-coded,overall,40,9082,7620,0.839022241796961,0.825695700064426,1.01613977368599
men-coded,overall,41,8780,7434,0.846697038724374,0.825695700064426,1.02543471966526
men-coded,overall,42,8636,7286,0.843677628531728,0.825695700064426,1.02177791220894
men-coded,overall,43,8281,6985,0.843497162178481,0.825695700064426,1.02155934942215
men-coded,overall,44,8166,6879,0.842395297575312,0.825695700064426,1.02022488128445
men-coded,overall,45,7901,6628,0.838881154284268,0.825695700064426,1.01596890261002
men-coded,overall,46,7584,6342,0.83623417721519,0.825695700064426,1.01276314888153
men-coded,overall,47,7346,6109,0.831609038932753,0.825695700064426,1.00716164425692
men-coded,overall,48,6961,5854,0.840971124838385,0.825695700064426,1.0185000657903
men-coded,overall,49,6757,5701,0.843717626165458,0.825695700064426,1.02182635334013
men-coded,overall,50,6469,5434,0.84000618333591,0.825695700064426,1.01733142520951
men-coded,overall,51,6110,5078,0.831096563011457,0.825695700064426,1.00654098470733
men-coded,overall,52,5971,4978,0.833696198291744,0.825695700064426,1.00968940279899
men-coded,overall,53,5680,4752,0.836619718309859,0.825695700064426,1.01323007767217
men-coded,overall,54,5474,4533,0.828096455973694,0.825695700064426,1.00290755530043
men-coded,overall,55,5131,4285,0.835119859676476,0.825695700064426,1.01141359899454
men-coded,overall,56,5039,4202,0.833895614209169,0.825695700064426,1.00993091540152
men-coded,overall,57,4754,3928,0.826251577618847,0.825695700064426,1.00067322326419
men-coded,overall,58,4517,3702,0.819570511401373,0.825695700064426,0.992581784472687
men-coded,overall,59,4195,3470,0.827175208581645,0.825695700064426,1.00179183265349
men-coded,overall,60,4080,3305,0.810049019607843,0.825695700064426,0.981050306480508
men-coded,overall,61,3800,3090,0.813157894736842,0.825695700064426,0.984815464914489
men-coded,overall,62,3637,2904,0.798460269452846,0.825695700064426,0.967015172042854
men-coded,overall,63,3364,2691,0.799940546967895,0.825695700064426,0.968807936029555
men-coded,overall,64,3164,2531,0.799936788874842,0.825695700064426,0.968803384603342
men-coded,overall,65,2910,2305,0.792096219931271,0.825695700064426,0.959307672147822
men-coded,overall,66,2713,2121,0.781791374861777,0.825695700064426,0.946827475062273
men-coded,overall,67,2470,1912,0.774089068825911,0.825695700064426,0.937499212803835
men-coded,overall,68,2311,1738,0.752055387278235,0.825695700064426,0.9108142227452
men-coded,overall,69,2099,1623,0.773225345402573,0.825695700064426,0.936453157431049
men-coded,overall,70,1938,1495,0.771413828689371,0.825695700064426,0.934259229676477
men-coded,overall,71,1744,1320,0.756880733944954,0.825695700064426,0.916658199728904
men-coded,overall,72,1627,1216,0.747387830362631,0.825695700064426,0.905161344917158
men-coded,overall,73,1412,1043,0.738668555240793,0.825695700064426,0.894601431475491
men-coded,overall,74,1242,904,0.727858293075684,0.825695700064426,0.881509123783607
men-coded,overall,75,1079,774,0.717330861909175,0.825695700064426,0.868759352692771
women-coded,overall,18,2607,2153,0.825853471423092,0.821556242440532,1.00523059622771
women-coded,overall,19,3125,2564,0.82048,0.821556242440532,0.998689995419747
women-coded,overall,20,3753,3138,0.836131095123901,0.821556242440532,1.01774054158492
women-coded,overall,21,4582,3828,0.835443037974684,0.821556242440532,1.01690303696421
women-coded,overall,22,5343,4476,0.837731611454239,0.821556242440532,1.01968869345531
women-coded,overall,23,6215,5237,0.842638777152052,0.821556242440532,1.02566170594589
women-coded,overall,24,7011,5808,0.828412494651262,0.821556242440532,1.00834544472617
women-coded,overall,25,7391,6121,0.828169395210391,0.821556242440532,1.00804954357137
women-coded,overall,26,7957,6597,0.829081312052281,0.821556242440532,1.00915953068459
women-coded,overall,27,8133,6729,0.82736997417927,0.821556242440532,1.00707648659752
women-coded,overall,28,8188,6759,0.825476306790425,0.821556242440532,1.00477151063724
women-coded,overall,29,7985,6621,0.829179711959925,0.821556242440532,1.00927930326078
women-coded,overall,30,8006,6572,0.820884336747439,0.821556242440532,0.999182154965926
women-coded,overall,31,7793,6445,0.827024252534326,0.821556242440532,1.00665567347836
women-coded,overall,32,7470,6138,0.821686746987952,0.821556242440532,1.00015885041179
women-coded,overall,33,7129,5869,0.823257118810492,0.821556242440532,1.00207031032338
women-coded,overall,34,6807,5542,0.814161892169825,0.821556242440532,0.990999581174454
women-coded,overall,35,6375,5253,0.824,0.821556242440532,1.00297454688216
women-coded,overall,36,6081,5035,0.82798881762868,0.821556242440532,1.00782974415609
women-coded,overall,37,5688,4694,0.825246132208158,0.821556242440532,1.00449134164773
women-coded,overall,38,5456,4532,0.830645161290323,0.821556242440532,1.0110630512925
women-coded,overall,39,5192,4324,0.832819722650231,0.821556242440532,1.01370993198985
women-coded,overall,40,4860,4070,0.837448559670782,0.821556242440532,1.01934416222441
women-coded,overall,41,4778,3975,0.831938049393052,0.821556242440532,1.01263675743206
women-coded,overall,42,4481,3713,0.828609685338094,0.821556242440532,1.00858546564823
women-coded,overall,43,4260,3528,0.828169014084507,0.821556242440532,1.00804907966414
women-coded,overall,44,4124,3427,0.830989330746848,0.821556242440532,1.01148197508462
women-coded,overall,45,3906,3248,0.831541218637993,0.821556242440532,1.01215373419572
women-coded,overall,46,3699,3099,0.83779399837794,0.821556242440532,1.0197646309511
women-coded,overall,47,3445,2889,0.838606676342525,0.821556242440532,1.02075382429247
women-coded,overall,48,3292,2760,0.838396111786148,0.821556242440532,1.02049752466805
women-coded,overall,49,3079,2568,0.83403702500812,0.821556242440532,1.01519163500056
women-coded,overall,50,2848,2364,0.830056179775281,0.821556242440532,1.01034614174375
women-coded,overall,51,2762,2307,0.835264301230992,0.821556242440532,1.01668547822087
women-coded,overall,52,2658,2170,0.81640331075997,0.821556242440532,0.993727840634191
women-coded,overall,53,2514,2088,0.83054892601432,0.821556242440532,1.01094591351053
women-coded,overall,54,2395,1971,0.822964509394572,0.821556242440532,1.00171414552199
women-coded,overall,55,2275,1846,0.811428571428571,0.821556242440532,0.987672577373552
women-coded,overall,56,2113,1701,0.805016564126834,0.821556242440532,0.979867868492405
women-coded,overall,57,2052,1663,0.810428849902534,0.821556242440532,0.986455714212648
women-coded,overall,58,1860,1523,0.818817204301075,0.821556242440532,0.996666036969885
women-coded,overall,59,1788,1448,0.809843400447427,0.821556242440532,0.985743103894737
women-coded,overall,60,1617,1289,0.797155225726654,0.821556242440532,0.970299030725649
women-coded,overall,61,1639,1313,0.801098230628432,0.821556242440532,0.975098464651273
women-coded,overall,62,1487,1169,0.786146603900471,0.821556242440532,0.956899312900511
women-coded,overall,63,1463,1151,0.78673957621326,0.821556242440532,0.957621080056741
women-coded,overall,64,1343,1068,0.795234549516009,0.821556242440532,0.967961179570212
women-coded,overall,65,1358,1079,0.794550810014728,0.821556242440532,0.967128930399723
women-coded,overall,66,1231,964,0.783103168155971,0.821556242440532,0.953194836460214
women-coded,overall,67,1127,904,0.802129547471162,0.821556242440532,0.976353785698639
women-coded,overall,68,1081,839,0.776133209990749,0.821556242440532,0.944710988605177
women-coded,overall,69,982,755,0.768839103869654,0.821556242440532,0.935832587171055
women-coded,overall,70,944,719,0.761652542372881,0.821556242440532,0.927085089281655
women-coded,overall,71,845,645,0.763313609467456,0.821556242440532,0.929106943670637
women-coded,overall,72,844,620,0.734597156398104,0.821556242440532,0.894153216115667
women-coded,overall,73,758,562,0.741424802110818,0.821556242440532,0.902463840951809
women-coded,overall,74,661,474,0.717095310136157,0.821556242440532,0.872849931741665
women-coded,overall,75,621,469,0.755233494363929,0.821556242440532,0.919271810436759
men-coded,television,18,1502,1176,0.782956058588549,0.797735259664194,0.981473551661905
men-coded,television,19,1778,1354,0.761529808773903,0.797735259664194,0.954614703999005
men-coded,television,20,2059,1577,0.765905779504614,0.797735259664194,0.960100196432362
men-coded,television,21,2413,1865,0.772896808951513,0.797735259664194,0.968863792327373
men-coded,television,22,2884,2243,0.777739251040222,0.797735259664194,0.974934029326485
men-coded,television,23,3334,2560,0.767846430713857,0.797735259664194,0.962532897238467
men-coded,television,24,3870,3026,0.781912144702842,0.797735259664194,0.980164954764552
men-coded,television,25,4406,3444,0.781661370857921,0.797735259664194,0.979850597536532
men-coded,television,26,4751,3777,0.79499052830983,0.797735259664194,0.996559345570961
men-coded,television,27,5122,4063,0.79324482623975,0.797735259664194,0.994371023005384
men-coded,television,28,5466,4285,0.783937065495792,0.797735259664194,0.982703291598005
men-coded,television,29,5645,4487,0.794862710363153,0.797735259664194,0.996399119549699
men-coded,television,30,5931,4702,0.792783678974878,0.797735259664194,0.993792952449663
men-coded,television,31,6079,4834,0.795196578384603,0.797735259664194,0.996817639374923
men-coded,television,32,6130,4929,0.804078303425775,0.797735259664194,1.00795131427969
men-coded,television,33,6335,5017,0.791949486977111,0.797735259664194,0.992747252152904
men-coded,television,34,6257,5034,0.804538916413617,0.797735259664194,1.00852871509313
men-coded,television,35,6158,4968,0.806755440077948,0.797735259664194,1.01130723545748
men-coded,television,36,6129,4960,0.809267417196933,0.797735259664194,1.01445612111666
men-coded,television,37,6060,4939,0.815016501650165,0.797735259664194,1.02166287847581
men-coded,television,38,6085,4974,0.817419884963024,0.797735259664194,1.02467563651018
men-coded,television,39,6026,4938,0.819449054098905,0.797735259664194,1.02721929884841
men-coded,television,40,5968,4878,0.817359249329759,0.797735259664194,1.02459962679075
men-coded,television,41,5826,4740,0.813594232749743,0.797735259664194,1.01987999514052
men-coded,television,42,5705,4610,0.80806310254163,0.797735259664194,1.01294645404264
men-coded,television,43,5490,4497,0.819125683060109,0.797735259664194,1.02681393750217
men-coded,television,44,5423,4420,0.815047021943574,0.797735259664194,1.02170113715002
men-coded,television,45,5132,4186,0.815666406858924,0.797735259664194,1.02247756630725
men-coded,television,46,4983,4028,0.808348384507325,0.797735259664194,1.01330406888069
men-coded,television,47,4791,3901,0.81423502400334,0.797735259664194,1.02068325818529
men-coded,television,48,4571,3728,0.815576460293153,0.797735259664194,1.02236481390639
men-coded,television,49,4388,3608,0.822242479489517,0.797735259664194,1.03072099362342
men-coded,television,50,4281,3466,0.809623919644943,0.797735259664194,1.01490301429794
men-coded,television,51,4010,3234,0.806483790523691,0.797735259664194,1.0109667095111
men-coded,television,52,3843,3132,0.814988290398127,0.797735259664194,1.02162751429741
men-coded,television,53,3712,2977,0.801993534482759,0.797735259664194,1.00533795487535
men-coded,television,54,3594,2844,0.791318864774624,0.797735259664194,0.991956736508964
men-coded,television,55,3338,2711,0.812162971839425,0.797735259664194,1.0180858398829
men-coded,television,56,3249,2598,0.799630655586334,0.797735259664194,1.00237597109966
men-coded,television,57,3013,2414,0.80119482243611,0.797735259664194,1.0043367304253
men-coded,television,58,2918,2300,0.788211103495545,0.797735259664194,0.988061006388688
men-coded,television,59,2712,2168,0.799410029498525,0.797735259664194,1.00209940555346
men-coded,television,60,2559,2002,0.782336850332161,0.797735259664194,0.980697343955293
men-coded,television,61,2379,1851,0.778058007566204,0.797735259664194,0.975333606156167
men-coded,television,62,2284,1734,0.759194395796848,0.797735259664194,0.951687150090909
men-coded,television,63,2127,1604,0.754113775270334,0.797735259664194,0.945318344820032
men-coded,television,64,1959,1452,0.741194486983155,0.797735259664194,0.929123387745403
men-coded,television,65,1747,1331,0.761877504293074,0.797735259664194,0.955050557266061
men-coded,television,66,1615,1223,0.757275541795666,0.797735259664194,0.949281773146696
men-coded,television,67,1492,1098,0.735924932975871,0.797735259664194,0.922517745154776
men-coded,television,68,1391,999,0.718188353702372,0.797735259664194,0.900284079212812
men-coded,television,69,1220,906,0.742622950819672,0.797735259664194,0.930914036734792
men-coded,television,70,1129,825,0.730735163861825,0.797735259664194,0.916012116813575
men-coded,television,71,1050,758,0.721904761904762,0.797735259664194,0.90494277789432
men-coded,television,72,953,670,0.703043022035677,0.797735259664194,0.881298668347219
men-coded,television,73,832,603,0.724759615384615,0.797735259664194,0.908521475770925
men-coded,television,74,714,511,0.715686274509804,0.797735259664194,0.897147601086445
men-coded,television,75,650,435,0.669230769230769,0.797735259664194,0.838913362701909
women-coded,television,18,1750,1395,0.797142857142857,0.793742805459628,1.00428356850587
women-coded,television,19,2082,1640,0.787704130643612,0.793742805459628,0.992392151746787
women-coded,television,20,2435,1951,0.801232032854209,0.793742805459628,1.00943533263302
women-coded,television,21,2919,2318,0.794107571085988,0.793742805459628,1.00045955141118
women-coded,television,22,3361,2671,0.794703957155608,0.793742805459628,1.00121091075014
women-coded,television,23,3845,3041,0.790897269180754,0.793742805459628,0.996415039910533
women-coded,television,24,4385,3476,0.792702394526796,0.793742805459628,0.998689234188107
women-coded,television,25,4656,3691,0.792740549828179,0.793742805459628,0.998737304294847
women-coded,television,26,5011,3948,0.787866693274795,0.793742805459628,0.992596956918015
women-coded,television,27,5154,4071,0.789871944121071,0.793742805459628,0.99512328009535
women-coded,television,28,5230,4147,0.792925430210325,0.793742805459628,0.998970226572536
women-coded,television,29,5113,4046,0.791316252689224,0.793742805459628,0.996942897934048
women-coded,television,30,5167,4116,0.796593768143991,0.793742805459628,1.0035917965678
women-coded,television,31,5043,3972,0.787626412849494,0.793742805459628,0.992294238677739
women-coded,television,32,4907,3896,0.793967801100469,0.793742805459628,1.00028346164437
women-coded,television,33,4736,3778,0.797719594594595,0.793742805459628,1.0050101734562
women-coded,television,34,4471,3545,0.792887497204205,0.793742805459628,0.998922436525358
women-coded,television,35,4273,3410,0.798034168031828,0.793742805459628,1.0054064900402
women-coded,television,36,4118,3319,0.805973773676542,0.793742805459628,1.01540923348569
women-coded,television,37,3873,3143,0.81151562096566,0.793742805459628,1.02239115162214
women-coded,television,38,3753,2990,0.796695976552092,0.793742805459628,1.00372056423334
women-coded,television,39,3593,2891,0.804620094628444,0.793742805459628,1.01370379560482
women-coded,television,40,3346,2735,0.817393903167962,0.793742805459628,1.02979692860918
women-coded,television,41,3260,2646,0.811656441717791,0.793742805459628,1.02256856520141
women-coded,television,42,3132,2504,0.799489144316731,0.793742805459628,1.00723954764387
women-coded,television,43,2943,2377,0.807679238871899,0.793742805459628,1.01755787052986
women-coded,television,44,2857,2327,0.814490724536227,0.793742805459628,1.02613934757441
women-coded,television,45,2727,2219,0.813714704803814,0.793742805459628,1.0251616760578
women-coded,television,46,2566,2082,0.811379579111458,0.793742805459628,1.02221975875626
women-coded,television,47,2357,1932,0.819686041578277,0.793742805459628,1.03268468821412
women-coded,television,48,2313,1854,0.801556420233463,0.793742805459628,1.00984401335053
women-coded,television,49,2138,1714,0.801683816651076,0.793742805459628,1.01000451422908
women-coded,television,50,1975,1586,0.803037974683544,0.793742805459628,1.01171055556029
women-coded,television,51,1913,1542,0.806063774176686,0.793742805459628,1.01552262097031
women-coded,television,52,1862,1473,0.791084854994629,0.793742805459628,0.996651370637042
women-coded,television,53,1703,1366,0.802113916617734,0.793742805459628,1.01054637736623
women-coded,television,54,1656,1321,0.797705314009662,0.793742805459628,1.00499218200502
women-coded,television,55,1589,1248,0.785399622404028,0.793742805459628,0.989488807963721
women-coded,television,56,1440,1126,0.781944444444445,0.793742805459628,0.985135788401443
women-coded,television,57,1370,1086,0.792700729927007,0.793742805459628,0.998687137035507
women-coded,television,58,1249,974,0.77982385908727,0.793742805459628,0.982464160586251
women-coded,television,59,1214,951,0.7833607907743,0.793742805459628,0.98692017790408
women-coded,television,60,1095,843,0.76986301369863,0.793742805459628,0.969914950287744
women-coded,television,61,1060,824,0.777358490566038,0.793742805459628,0.979358156343725
women-coded,television,62,1005,783,0.77910447761194,0.793742805459628,0.981557845000924
women-coded,television,63,981,735,0.749235474006116,0.793742805459628,0.943927263154544
women-coded,television,64,898,705,0.785077951002227,0.793742805459628,0.989083548981104
women-coded,television,65,924,705,0.762987012987013,0.793742805459628,0.961252193706744
women-coded,television,66,815,604,0.741104294478528,0.793742805459628,0.93368316459811
women-coded,television,67,745,582,0.781208053691275,0.793742805459628,0.98420804361043
women-coded,television,68,695,519,0.746762589928058,0.793742805459628,0.940811790408146
women-coded,television,69,661,470,0.711043872919818,0.793742805459628,0.895811424089795
women-coded,television,70,619,451,0.72859450726979,0.793742805459628,0.917922659907307
women-coded,television,71,557,405,0.727109515260323,0.793742805459628,0.916051786874817
women-coded,television,72,541,383,0.707948243992606,0.793742805459628,0.891911383792208
women-coded,television,73,478,345,0.721757322175732,0.793742805459628,0.909308805334983
women-coded,television,74,423,289,0.683215130023641,0.793742805459628,0.86075127273502
women-coded,television,75,393,280,0.712468193384224,0.793742805459628,0.897605859837254
