credit_group,scope,age,performer_years,performers_at_risk,role_years,roles,opportunity_rate,mean_roles,baseline_rate,normalized_retention
men-coded,film,19,1040,1040,280,397,0.269230769230769,0.381730769230769,0.254429894686769,1.05817270239498
men-coded,film,20,2085,2085,529,754,0.253717026378897,0.361630695443645,0.254429894686769,0.997198173945912
men-coded,film,21,3127,3127,780,1123,0.249440358170771,0.359130156699712,0.254429894686769,0.980389346455765
men-coded,film,22,4288,4288,1043,1498,0.243236940298507,0.349347014925373,0.254429894686769,0.956007707340989
men-coded,film,23,5619,5619,1281,1837,0.227976508275494,0.326926499377113,0.254429894686769,0.896028780565105
men-coded,film,24,6660,6660,1592,2268,0.239039039039039,0.340540540540541,0.254429894686769,0.939508461980547
men-coded,film,25,7855,7855,1920,2722,0.244430299172502,0.346530872056015,0.254429894686769,0.960698032255297
men-coded,film,26,9134,9134,2222,3223,0.243266914823736,0.352857455660171,0.254429894686769,0.956125517888625
men-coded,film,27,10484,10484,2667,3848,0.25438763830599,0.367035482640214,0.254429894686769,0.999833917390757
men-coded,film,28,11695,11695,2884,4244,0.246601111586148,0.362890123984609,0.254429894686769,0.969230097311248
men-coded,film,29,12985,12985,3296,4828,0.253831343858298,0.371813631112823,0.254429894686769,0.997647482308602
men-coded,film,30,13887,13887,3440,5057,0.247713689061712,0.364153524879384,0.254429894686769,0.973602922591604
men-coded,film,31,14711,14711,3732,5497,0.253687716674597,0.373665964244443,0.254429894686769,0.997082976381036
men-coded,film,32,15319,15319,3906,5822,0.254977478947712,0.380050917161695,0.254429894686769,1.00215220094957
men-coded,film,33,15757,15757,4055,6162,0.257345941486324,0.391064288887479,0.254429894686769,1.01146110131101
men-coded,film,34,16005,16005,4122,6296,0.257544517338332,0.393377069665729,0.254429894686769,1.01224157505311
men-coded,film,35,16216,16216,4185,6452,0.258078441045881,0.397878638381845,0.254429894686769,1.01434008516807
men-coded,film,36,16214,16214,4204,6603,0.259282101887258,0.407240656223017,0.254429894686769,1.01907090047914
men-coded,film,37,16167,16167,4231,6680,0.261705944207336,0.413187356961712,0.254429894686769,1.0285974630832
men-coded,film,38,16019,16019,4220,6673,0.263437168362569,0.416567825706973,0.254429894686769,1.03540178989929
men-coded,film,39,15858,15858,4174,6599,0.263210997603733,0.416130659603985,0.254429894686769,1.03451285835642
men-coded,film,40,15600,15600,4127,6644,0.264551282051282,0.425897435897436,0.254429894686769,1.03978065304383
men-coded,film,41,15383,15383,4153,6570,0.269973347201456,0.427094844958721,0.254429894686769,1.0610912979932
men-coded,film,42,15045,15045,4073,6527,0.270721169823862,0.433831837819874,0.254429894686769,1.06403050693846
men-coded,film,43,14723,14723,3882,6295,0.263669089180194,0.427562317462474,0.254429894686769,1.0363133212188
men-coded,film,44,14323,14323,3899,6363,0.272219507086504,0.444250506178873,0.254429894686769,1.06991950541675
men-coded,film,45,13858,13858,3888,6333,0.280559965362967,0.456992350988599,0.254429894686769,1.1027004735759
men-coded,film,46,13490,13490,3673,6226,0.27227575982209,0.461527057079318,0.254429894686769,1.07014059867961
men-coded,film,47,13143,13143,3638,6065,0.276801339115879,0.461462375408963,0.254429894686769,1.08792773528697
men-coded,film,48,12845,12845,3491,5918,0.271778902296613,0.460724017127287,0.254429894686769,1.06818777184655
men-coded,film,49,12515,12515,3464,5903,0.276787854574511,0.471673991210547,0.254429894686769,1.08787473624224
men-coded,film,50,12172,12172,3277,5662,0.269224449556359,0.465165954650017,0.254429894686769,1.05814786382631
men-coded,film,51,11771,11771,3242,5487,0.275422648882848,0.466145612097528,0.254429894686769,1.08250899219969
men-coded,film,52,11359,11359,3088,5413,0.271854916806057,0.476538427678493,0.254429894686769,1.06848653591096
men-coded,film,53,11020,11020,2946,5130,0.267332123411978,0.46551724137931,0.254429894686769,1.05071034888056
men-coded,film,54,10632,10632,2839,4970,0.267024078254327,0.467456734386757,0.254429894686769,1.04949962182338
men-coded,film,55,10095,10095,2694,4727,0.266864784546805,0.468251609707776,0.254429894686769,1.04887354088381
men-coded,film,56,9651,9651,2678,4687,0.27748419852865,0.485649155527925,0.254429894686769,1.09061161570759
men-coded,film,57,9262,9262,2509,4404,0.270891816022457,0.475491254588642,0.254429894686769,1.06470120720662
men-coded,film,58,8873,8873,2385,4283,0.26879296742928,0.482700326834216,0.254429894686769,1.05645198556637
men-coded,film,59,8602,8602,2275,4052,0.26447337828412,0.47105324343176,0.254429894686769,1.03947446352448
men-coded,film,60,8242,8242,2229,3877,0.270444066974035,0.470395535064305,0.254429894686769,1.06294139415882
men-coded,film,61,7910,7910,2045,3579,0.258533501896334,0.452465233881163,0.254429894686769,1.01612863619905
men-coded,film,62,7536,7536,1997,3424,0.264994692144374,0.454352441613588,0.254429894686769,1.0415234124536
men-coded,film,63,7151,7151,1814,3128,0.253670815270592,0.437421339672773,0.254429894686769,0.997016547850589
men-coded,film,64,6808,6808,1775,3017,0.26072267920094,0.443155111633373,0.254429894686769,1.02473288180981
men-coded,film,65,6538,6538,1620,2777,0.247782196390333,0.424747629244417,0.254429894686769,0.973872180764687
men-coded,film,66,6248,6248,1526,2602,0.244238156209987,0.416453265044814,0.254429894686769,0.95994284205742
men-coded,film,67,5987,5987,1407,2425,0.235009186570904,0.405044262568899,0.254429894686769,0.923669708153696
men-coded,film,68,5545,5545,1309,2190,0.236068530207394,0.394950405770965,0.254429894686769,0.927833305508459
men-coded,film,69,5201,5201,1192,1967,0.229186694866372,0.378196500672948,0.254429894686769,0.900785244393257
men-coded,film,70,4959,4959,1114,1863,0.224642064932446,0.375680580762251,0.254429894686769,0.882923231992863
men-coded,film,71,4629,4629,999,1601,0.215813350615684,0.345863037373083,0.254429894686769,0.848223243897394
men-coded,film,72,4291,4291,928,1431,0.216266604521091,0.333488697273363,0.254429894686769,0.850004692991515
men-coded,film,73,3976,3976,828,1243,0.208249496981891,0.312625754527163,0.254429894686769,0.818494608262402
men-coded,film,74,3680,3680,782,1181,0.2125,0.320923913043478,0.254429894686769,0.835200597247468
men-coded,film,75,3385,3385,696,992,0.205612998522895,0.293057607090103,0.254429894686769,0.808132231379599
men-coded,film,76,3045,3045,577,866,0.189490968801314,0.28440065681445,0.254429894686769,0.744766919133452
men-coded,film,77,2821,2821,544,838,0.19283941864587,0.297057780928749,0.254429894686769,0.757927518239461
men-coded,film,78,2530,2530,469,692,0.185375494071146,0.273517786561265,0.254429894686769,0.728591639356545
men-coded,film,79,2245,2245,385,558,0.171492204899777,0.248552338530067,0.254429894686769,0.674025373908608
men-coded,film,80,1984,1984,358,500,0.180443548387097,0.252016129032258,0.254429894686769,0.709207338269909
women-coded,film,19,1316,1316,435,711,0.330547112462006,0.540273556231003,0.254360442740806,1.29952247645219
women-coded,film,20,2496,2496,789,1294,0.316105769230769,0.518429487179487,0.254360442740806,1.24274736206872
women-coded,film,21,3746,3746,1181,1846,0.315269620928991,0.492792311799253,0.254360442740806,1.23946010445599
women-coded,film,22,5108,5108,1560,2431,0.305403288958497,0.475920125293657,0.254360442740806,1.20067132163983
women-coded,film,23,6583,6583,1882,2952,0.285887893057876,0.448427768494607,0.254360442740806,1.12394792986423
women-coded,film,24,7863,7863,2250,3526,0.286150324303701,0.448429352664378,0.254360442740806,1.12497965965285
women-coded,film,25,9155,9155,2631,3990,0.287383943200437,0.435827416712179,0.254360442740806,1.12982954465637
women-coded,film,26,10295,10295,2881,4395,0.279844584749879,0.426906265177271,0.254360442740806,1.1001890928262
women-coded,film,27,11324,11324,3049,4663,0.269251148004239,0.4117802896503,0.254360442740806,1.05854174927116
women-coded,film,28,12259,12259,3285,4954,0.267966392038502,0.40411126519292,0.254360442740806,1.05349082251583
women-coded,film,29,12866,12866,3355,5065,0.260764806466656,0.393673247318514,0.254360442740806,1.0251783007485
women-coded,film,30,13182,13182,3461,5107,0.26255499924139,0.387422242451828,0.254360442740806,1.03221631639057
women-coded,film,31,13225,13225,3393,5019,0.2565595463138,0.379508506616257,0.254360442740806,1.00864561937893
women-coded,film,32,13195,13195,3375,4862,0.255778704054566,0.368472906403941,0.254360442740806,1.00557579354116
women-coded,film,33,12909,12909,3221,4631,0.249515841660857,0.35874196297157,0.254360442740806,0.980953795221667
women-coded,film,34,12448,12448,3073,4427,0.246866966580977,0.355639460154242,0.254360442740806,0.970539931134399
women-coded,film,35,12167,12167,2933,4278,0.241061888715378,0.351606805293006,0.254360442740806,0.947717680146597
women-coded,film,36,11656,11656,2774,3941,0.237989018531229,0.338109128345916,0.254360442740806,0.935636909445626
women-coded,film,37,11005,11005,2572,3652,0.233711949114039,0.331849159472967,0.254360442740806,0.91882191505773
women-coded,film,38,10396,10396,2367,3422,0.227683724509427,0.329165063485956,0.254360442740806,0.895122378527377
women-coded,film,39,9779,9779,2268,3191,0.2319255547602,0.326311483791799,0.254360442740806,0.911798832637406
women-coded,film,40,9142,9142,2165,3095,0.236819076788449,0.338547363815358,0.254360442740806,0.931037366646544
women-coded,film,41,8533,8533,2039,2923,0.238954646665885,0.342552443454822,0.254360442740806,0.939433207817542
women-coded,film,42,8176,8176,1938,2735,0.237035225048924,0.334515655577299,0.254360442740806,0.931887138168192
women-coded,film,43,7775,7775,1841,2605,0.236784565916399,0.335048231511254,0.254360442740806,0.930901689606206
women-coded,film,44,7403,7403,1821,2624,0.245981358908551,0.354450898284479,0.254360442740806,0.967058227521669
women-coded,film,45,7051,7051,1667,2395,0.236420365905545,0.339668132179833,0.254360442740806,0.929469863151868
women-coded,film,46,6709,6709,1612,2345,0.240274258458787,0.349530481442838,0.254360442740806,0.944621167779721
women-coded,film,47,6297,6297,1515,2198,0.240590757503573,0.349055105605844,0.254360442740806,0.945865461276682
women-coded,film,48,5971,5971,1437,2054,0.240663205493217,0.343995980572768,0.254360442740806,0.946150285398166
women-coded,film,49,5672,5672,1338,1940,0.23589562764457,0.342031029619182,0.254360442740806,0.927406891978673
women-coded,film,50,5413,5413,1276,1815,0.235728801034546,0.335303898023277,0.254360442740806,0.926751025019857
women-coded,film,51,5111,5111,1283,1794,0.251027196243397,0.351007630600665,0.254360442740806,0.986895578331707
women-coded,film,52,4873,4873,1139,1679,0.23373691770983,0.344551610917299,0.254360442740806,0.918920077317244
women-coded,film,53,4691,4691,1124,1655,0.239607759539544,0.352803240247282,0.254360442740806,0.942000874655282
women-coded,film,54,4478,4478,1062,1563,0.237159446181331,0.349039749888343,0.254360442740806,0.932375504720273
women-coded,film,55,4243,4243,962,1395,0.226726372849399,0.328776808861655,0.254360442740806,0.891358618527151
women-coded,film,56,4037,4037,929,1347,0.230121377260342,0.333663611592767,0.254360442740806,0.90470583704258
women-coded,film,57,3818,3818,917,1264,0.240178103719225,0.331063383970665,0.254360442740806,0.944243142256074
women-coded,film,58,3681,3681,810,1132,0.220048899755501,0.307525129041021,0.254360442740806,0.86510660771153
women-coded,film,59,3526,3526,786,1130,0.222915484968803,0.320476460578559,0.254360442740806,0.876376383712915
women-coded,film,60,3359,3359,727,1033,0.216433462339982,0.307532003572492,0.254360442740806,0.85089277250759
women-coded,film,61,3187,3187,725,1003,0.227486664574835,0.314716033887669,0.254360442740806,0.89434765140209
women-coded,film,62,3069,3069,623,888,0.202997719126751,0.289345063538612,0.254360442740806,0.798071103114122
women-coded,film,63,2916,2916,656,942,0.224965706447188,0.323045267489712,0.254360442740806,0.884436683719838
women-coded,film,64,2733,2733,554,804,0.202707647274058,0.294182217343578,0.254360442740806,0.796930706244358
women-coded,film,65,2638,2638,581,800,0.220242608036391,0.303260045489007,0.254360442740806,0.865868158048535
women-coded,film,66,2503,2503,517,735,0.206552137435078,0.293647622852577,0.254360442740806,0.81204504603554
women-coded,film,67,2358,2358,493,694,0.209075487701442,0.29431721798134,0.254360442740806,0.821965418241116
women-coded,film,68,2249,2249,489,663,0.217429968875056,0.294797687861272,0.254360442740806,0.854810467115823
women-coded,film,69,2153,2153,420,580,0.195076637250348,0.269391546679052,0.254360442740806,0.766929932769193
women-coded,film,70,2073,2073,390,533,0.188133140376266,0.257115291847564,0.254360442740806,0.739632068371475
women-coded,film,71,1964,1964,373,496,0.189918533604888,0.252545824847251,0.254360442740806,0.746651214939171
women-coded,film,72,1851,1851,340,463,0.183684494867639,0.250135062128579,0.254360442740806,0.722142534776189
women-coded,film,73,1760,1760,342,453,0.194318181818182,0.257386363636364,0.254360442740806,0.763948119150716
women-coded,film,74,1666,1666,281,373,0.168667466986795,0.223889555822329,0.254360442740806,0.663104157114035
women-coded,film,75,1606,1606,283,383,0.176214196762142,0.238480697384807,0.254360442740806,0.692773588783634
women-coded,film,76,1503,1503,243,311,0.161676646706587,0.206919494344644,0.254360442740806,0.63562024410901
women-coded,film,77,1408,1408,209,279,0.1484375,0.198153409090909,0.254360442740806,0.583571479906797
women-coded,film,78,1284,1284,213,269,0.16588785046729,0.209501557632399,0.254360442740806,0.65217629235034
women-coded,film,79,1156,1156,186,245,0.160899653979239,0.211937716262976,0.254360442740806,0.632565552432208
women-coded,film,80,1060,1060,170,206,0.160377358490566,0.194339622641509,0.254360442740806,0.630512184844682
men-coded,overall,19,2541,2541,1344,2144,0.528925619834711,0.843762298307753,0.38824020364729,1.36236694413861
men-coded,overall,20,4301,4301,1943,3149,0.4517554057196,0.732155312717973,0.38824020364729,1.16359769409665
men-coded,overall,21,5985,5985,2490,3969,0.416040100250627,0.663157894736842,0.38824020364729,1.07160488878322
men-coded,overall,22,7826,7826,3058,4994,0.390748786097623,0.638129312547917,0.38824020364729,1.00646141854132
men-coded,overall,23,9925,9925,3712,5984,0.374005037783375,0.602921914357683,0.38824020364729,0.963334127351616
men-coded,overall,24,11658,11658,4455,7255,0.382141019042717,0.622319437296277,0.38824020364729,0.984290177711443
men-coded,overall,25,13599,13599,5269,8713,0.387454959923524,0.640708875652622,0.38824020364729,0.997977428106649
men-coded,overall,26,15698,15698,6107,10183,0.38903044973882,0.64868136068289,0.38824020364729,1.00203545661708
men-coded,overall,27,17660,17660,6886,11859,0.389920724801812,0.671517553793884,0.38824020364729,1.00432856035705
men-coded,overall,28,19371,19371,7454,12982,0.384802023643591,0.670177068814207,0.38824020364729,0.991144193797039
men-coded,overall,29,21083,21083,8066,14167,0.382583123843855,0.671963193093962,0.38824020364729,0.985428918102017
men-coded,overall,30,22320,22320,8637,14946,0.386962365591398,0.669623655913979,0.38824020364729,0.996708640568681
men-coded,overall,31,23397,23397,9018,15936,0.385434030003847,0.68111296320041,0.38824020364729,0.992772068381686
men-coded,overall,32,24246,24246,9401,16628,0.387734059226264,0.68580384393302,0.38824020364729,0.99869631115925
men-coded,overall,33,24825,24825,9706,17458,0.390976837865055,0.703242698892246,0.38824020364729,1.00704881718085
men-coded,overall,34,25027,25027,9755,17632,0.389779038638271,0.704519119351101,0.38824020364729,1.00396361576293
men-coded,overall,35,25179,25179,9778,17820,0.388339489256921,0.707732634338139,0.38824020364729,1.00025573242724
men-coded,overall,36,25088,25088,9730,18004,0.387834821428571,0.717633928571429,0.38824020364729,0.998955846883167
men-coded,overall,37,24912,24912,9699,18033,0.389330443159923,0.723868015414258,0.38824020364729,1.00280815717278
men-coded,overall,38,24620,24620,9659,17963,0.392323314378554,0.729610073111292,0.38824020364729,1.01051697040365
men-coded,overall,39,24359,24359,9601,17770,0.394145900899052,0.729504495258426,0.38824020364729,1.01521145207601
men-coded,overall,40,23973,23973,9591,17919,0.400075084470029,0.747465899136529,0.38824020364729,1.03048339845167
men-coded,overall,41,23676,23676,9403,17702,0.397153235343808,0.747676972461565,0.38824020364729,1.02295751860005
men-coded,overall,42,23231,23231,9352,17666,0.402565537428436,0.760449399509276,0.38824020364729,1.03689812040734
men-coded,overall,43,22734,22734,8969,17214,0.394519222310196,0.757191871206123,0.38824020364729,1.01617302536914
men-coded,overall,44,22104,22104,8865,17015,0.401058631921824,0.769770177343467,0.38824020364729,1.03301674621565
men-coded,overall,45,21515,21515,8667,16767,0.402835231234023,0.779316755751801,0.38824020364729,1.03759277748575
men-coded,overall,46,20792,20792,8308,16178,0.39957676029242,0.77808772604848,0.38824020364729,1.02919985240743
men-coded,overall,47,20276,20276,8127,15744,0.400818701913592,0.776484513710791,0.38824020364729,1.03239875249429
men-coded,overall,48,19761,19761,7781,15241,0.393755376752189,0.771266636303831,0.38824020364729,1.01420556926636
men-coded,overall,49,19181,19181,7569,15023,0.394609248735728,0.783222981075022,0.38824020364729,1.01640490868438
men-coded,overall,50,18653,18653,7358,14573,0.394467377901678,0.781268428670991,0.38824020364729,1.01603948842981
men-coded,overall,51,18012,18012,7107,13882,0.394570286475683,0.770708416611148,0.38824020364729,1.01630455261698
men-coded,overall,52,17392,17392,6847,13492,0.393686752529899,0.775758969641214,0.38824020364729,1.01402881214115
men-coded,overall,53,16830,16830,6557,12953,0.389601901366607,0.769637551990493,0.38824020364729,1.00350735886321
men-coded,overall,54,16246,16246,6291,12281,0.387233780622923,0.75593992367352,0.38824020364729,0.997407731051776
men-coded,overall,55,15582,15582,5878,11599,0.377230137337954,0.744384546271339,0.38824020364729,0.971641096913966
men-coded,overall,56,14943,14943,5786,11300,0.38720471123603,0.756206919627919,0.38824020364729,0.997332856305114
men-coded,overall,57,14295,14295,5441,10585,0.380622595313047,0.740468695348024,0.38824020364729,0.980379135744624
men-coded,overall,58,13746,13746,5187,10074,0.377346137058053,0.732867743343518,0.38824020364729,0.971939880293455
men-coded,overall,59,13323,13323,4977,9489,0.373564512497185,0.712226975906328,0.38824020364729,0.962199455357187
men-coded,overall,60,12709,12709,4816,8971,0.378944055393815,0.705877724447242,0.38824020364729,0.976055678504848
men-coded,overall,61,12188,12188,4488,8393,0.368231046931408,0.688628158844765,0.38824020364729,0.94846191474271
men-coded,overall,62,11596,11596,4249,7918,0.366419454984477,0.682821662642291,0.38824020364729,0.943795752068387
men-coded,overall,63,11076,11076,3943,7337,0.355994944023113,0.66242325749368,0.38824020364729,0.916945078533209
men-coded,overall,64,10507,10507,3725,6830,0.35452555439231,0.650042828590464,0.38824020364729,0.913160334920881
men-coded,overall,65,10068,10068,3412,6264,0.338895510528407,0.622169249106079,0.38824020364729,0.872901640130728
men-coded,overall,66,9593,9593,3244,5801,0.338163244032107,0.604711768998228,0.38824020364729,0.871015523006791
men-coded,overall,67,9068,9068,2930,5349,0.32311424790472,0.589876488751654,0.38824020364729,0.832253447399962
men-coded,overall,68,8502,8502,2778,4811,0.326746647847565,0.565866854857681,0.38824020364729,0.841609510756413
men-coded,overall,69,7993,7993,2487,4370,0.311147253847116,0.546728387338922,0.38824020364729,0.80142976158592
men-coded,overall,70,7562,7562,2340,4073,0.30944194657498,0.538614123247818,0.38824020364729,0.797037359005982
men-coded,overall,71,7040,7040,2109,3597,0.299573863636364,0.5109375,0.38824020364729,0.771619891041789
men-coded,overall,72,6578,6578,1962,3213,0.298266950440864,0.488446336272423,0.38824020364729,0.768253642046393
men-coded,overall,73,6111,6111,1786,2845,0.292259859270169,0.465553919162167,0.38824020364729,0.752781027118156
men-coded,overall,74,5615,5615,1615,2616,0.287622439893143,0.465894924309884,0.38824020364729,0.740836310075821
men-coded,overall,75,5205,5205,1459,2277,0.28030739673391,0.437463976945245,0.38824020364729,0.721994770506984
men-coded,overall,76,4741,4741,1287,2034,0.271461716937355,0.429023412782114,0.38824020364729,0.699210731879726
men-coded,overall,77,4343,4343,1185,1892,0.272852866682017,0.435643564356436,0.38824020364729,0.702793951061029
men-coded,overall,78,3904,3904,1019,1603,0.261014344262295,0.410604508196721,0.38824020364729,0.672301172856953
men-coded,overall,79,3466,3466,860,1333,0.248124639353722,0.384593190998269,0.38824020364729,0.639100837632826
men-coded,overall,80,3062,3062,728,1077,0.237753102547355,0.351730894839974,0.38824020364729,0.612386610953228
women-coded,overall,19,3004,3004,1682,2949,0.559920106524634,0.981691078561917,0.387618230414928,1.44451437674968
women-coded,overall,20,4943,4943,2466,4325,0.498887315395509,0.874974711713534,0.387618230414928,1.28705844114058
women-coded,overall,21,6865,6865,3199,5504,0.46598689002185,0.801747997086672,0.387618230414928,1.20218001491579
women-coded,overall,22,9019,9019,4003,6983,0.443840780574343,0.774254351923717,0.387618230414928,1.14504619687065
women-coded,overall,23,11259,11259,4802,8408,0.426503241850964,0.746780353494982,0.387618230414928,1.10031780856749
women-coded,overall,24,13221,13221,5647,10006,0.427123515619091,0.75682626125104,0.387618230414928,1.1019180268221
women-coded,overall,25,15140,15140,6353,11311,0.419616908850727,0.747093791281374,0.387618230414928,1.08255204715615
women-coded,overall,26,16868,16868,7066,12582,0.418899691723974,0.745909414275551,0.387618230414928,1.08070172880042
women-coded,overall,27,18349,18349,7534,13553,0.410594582811052,0.738623358221156,0.387618230414928,1.05927572697375
women-coded,overall,28,19560,19560,7945,14188,0.40618609406953,0.725357873210634,0.387618230414928,1.04790245194279
women-coded,overall,29,20359,20359,8009,14431,0.393388673314013,0.708826563190726,0.387618230414928,1.01488692338569
women-coded,overall,30,20712,20712,8154,14556,0.393684820393975,0.702780996523754,0.387618230414928,1.0156509408047
women-coded,overall,31,20718,20718,8093,14461,0.390626508350227,0.69799208417801,0.387618230414928,1.0077609299544
women-coded,overall,32,20519,20519,7929,14033,0.386422340269994,0.683902724304303,0.387618230414928,0.996914773219891
women-coded,overall,33,20065,20065,7738,13565,0.385646648392724,0.676052828307999,0.387618230414928,0.994913598310136
women-coded,overall,34,19377,19377,7387,13165,0.381225163854054,0.679413737936729,0.387618230414928,0.983506795967695
women-coded,overall,35,18820,18820,7064,12508,0.375345377258236,0.66461211477152,0.387618230414928,0.968337781369171
women-coded,overall,36,18059,18059,6792,11750,0.376100559277922,0.650645107702531,0.387618230414928,0.970286043758373
women-coded,overall,37,17251,17251,6337,10951,0.367341023708771,0.634803779491044,0.387618230414928,0.947687685678633
women-coded,overall,38,16424,16424,6075,10459,0.369885533365806,0.636811982464686,0.387618230414928,0.954252159321454
women-coded,overall,39,15634,15634,5851,9893,0.374248432902648,0.63278751439171,0.387618230414928,0.965507820677143
women-coded,overall,40,14786,14786,5554,9477,0.375625591776004,0.640944136345191,0.387618230414928,0.969060695039843
women-coded,overall,41,13972,13972,5317,9101,0.380546807901517,0.651374176925279,0.387618230414928,0.981756733923889
women-coded,overall,42,13442,13442,5184,8684,0.385656896295194,0.646034816247582,0.387618230414928,0.994940036443501
women-coded,overall,43,12826,12826,4862,8226,0.379073756432247,0.6413535007017,0.387618230414928,0.977956470278669
women-coded,overall,44,12207,12207,4647,7893,0.380683214549029,0.646596215286311,0.387618230414928,0.982108643707301
women-coded,overall,45,11673,11673,4481,7601,0.383877323738542,0.651160798423713,0.387618230414928,0.990348991913043
women-coded,overall,46,11130,11130,4214,7091,0.378616352201258,0.637106918238994,0.387618230414928,0.976776432305482
women-coded,overall,47,10588,10588,3970,6679,0.374952776728372,0.630808462410276,0.387618230414928,0.967324927743985
women-coded,overall,48,10009,10009,3817,6482,0.381356778898991,0.647617144569887,0.387618230414928,0.983846344096781
women-coded,overall,49,9493,9493,3607,6078,0.379964184135679,0.640261245127989,0.387618230414928,0.9802536473296
women-coded,overall,50,9102,9102,3437,5660,0.377609316633707,0.621841353548671,0.387618230414928,0.974178423521238
women-coded,overall,51,8606,8606,3328,5532,0.386706948640483,0.642807343713688,0.387618230414928,0.997649022406739
women-coded,overall,52,8181,8181,3145,5294,0.384427331622051,0.647109155359981,0.387618230414928,0.991767934161761
women-coded,overall,53,7902,7902,3031,5022,0.38357377879018,0.635535307517084,0.387618230414928,0.98956588904392
women-coded,overall,54,7544,7544,2817,4700,0.373409331919406,0.623011664899258,0.387618230414928,0.963343059276876
women-coded,overall,55,7183,7183,2637,4286,0.36711680356397,0.596686621188918,0.387618230414928,0.947109229540076
women-coded,overall,56,6815,6815,2444,3981,0.358620689655172,0.584152604548789,0.387618230414928,0.925190461943146
women-coded,overall,57,6489,6489,2349,3805,0.361997226074896,0.586376945600247,0.387618230414928,0.93390144650161
women-coded,overall,58,6143,6143,2172,3477,0.353573172716914,0.56601009278854,0.387618230414928,0.912168584894547
women-coded,overall,59,5883,5883,2047,3355,0.347951725310216,0.570287268400476,0.387618230414928,0.897666048724666
women-coded,overall,60,5610,5610,1951,3087,0.34777183600713,0.550267379679144,0.387618230414928,0.89720195986359
women-coded,overall,61,5321,5321,1901,3043,0.35726367224206,0.571884984025559,0.387618230414928,0.921689549688168
women-coded,overall,62,5065,5065,1694,2707,0.334452122408687,0.534452122408687,0.387618230414928,0.862838989927462
women-coded,overall,63,4830,4830,1678,2669,0.347412008281574,0.552587991718427,0.387618230414928,0.896273655420397
women-coded,overall,64,4632,4632,1546,2431,0.333765112262522,0.524827288428325,0.387618230414928,0.861066601292825
women-coded,overall,65,4432,4432,1527,2383,0.344539711191336,0.537680505415163,0.387618230414928,0.888863536739542
women-coded,overall,66,4228,4228,1399,2174,0.330889309366131,0.514191106906339,0.387618230414928,0.853647438129853
women-coded,overall,67,4001,4001,1285,2032,0.321169707573107,0.507873031742065,0.387618230414928,0.828572245503801
women-coded,overall,68,3799,3799,1235,1876,0.325085548828639,0.493814161621479,0.387618230414928,0.838674559967547
women-coded,overall,69,3576,3576,1112,1704,0.310961968680089,0.476510067114094,0.387618230414928,0.802237728466018
women-coded,overall,70,3465,3465,1099,1635,0.317171717171717,0.471861471861472,0.387618230414928,0.818257997907371
women-coded,overall,71,3298,3298,993,1447,0.301091570648878,0.438750758035173,0.387618230414928,0.77677350295566
women-coded,overall,72,3117,3117,961,1399,0.308309271735643,0.448829002245749,0.387618230414928,0.79539414698223
women-coded,overall,73,2986,2986,915,1337,0.306430006697924,0.44775619557937,0.387618230414928,0.790545910005068
women-coded,overall,74,2837,2837,788,1124,0.277758195276701,0.396193161790624,0.387618230414928,0.716576707394213
women-coded,overall,75,2670,2670,746,1088,0.27940074906367,0.40749063670412,0.387618230414928,0.720814262952968
women-coded,overall,76,2479,2479,692,957,0.279144816458249,0.386042759177088,0.387618230414928,0.72015399316858
women-coded,overall,77,2317,2317,618,877,0.266724212343548,0.378506689684937,0.387618230414928,0.688110598043934
women-coded,overall,78,2143,2143,562,788,0.262249183387774,0.367708819412039,0.387618230414928,0.676565658707662
women-coded,overall,79,1964,1964,508,700,0.258655804480652,0.356415478615071,0.387618230414928,0.667295251319248
women-coded,overall,80,1790,1790,462,615,0.258100558659218,0.343575418994413,0.387618230414928,0.665862795934372
men-coded,television,19,1739,1739,957,1359,0.550316273720529,0.781483611270845,0.357376027909295,1.53988021227939
men-coded,television,20,2885,2885,1331,1911,0.461351819757366,0.662391681109185,0.357376027909295,1.29094226732651
men-coded,television,21,4000,4000,1619,2280,0.40475,0.57,0.357376027909295,1.13256057595091
men-coded,television,22,5244,5244,1979,2857,0.377383676582761,0.544813119755912,0.357376027909295,1.05598486499085
men-coded,television,23,6651,6651,2381,3435,0.357991279506841,0.516463689670726,0.357376027909295,1.00172158049085
men-coded,television,24,7836,7836,2795,4116,0.356687085247575,0.525267993874426,0.357376027909295,0.998072219153171
men-coded,television,25,9145,9145,3294,5022,0.360196828868234,0.549152542372881,0.357376027909295,1.00789308945942
men-coded,television,26,10505,10505,3795,5794,0.361256544502618,0.551546882436935,0.357376027909295,1.01085835727714
men-coded,television,27,11771,11771,4239,6773,0.360122334551015,0.575397162518053,0.357376027909295,1.00768464146235
men-coded,television,28,12942,12942,4590,7407,0.354659248956885,0.572322670375522,0.357376027909295,0.992397982124588
men-coded,television,29,14038,14038,4975,8039,0.354395212993304,0.572659923065964,0.357376027909295,0.99165916378491
men-coded,television,30,14863,14863,5299,8453,0.356522909237704,0.5687277131131,0.357376027909295,0.997612826253117
men-coded,television,31,15621,15621,5578,9043,0.357083413353819,0.578900198450803,0.357376027909295,0.999181213812275
men-coded,television,32,16230,16230,5777,9371,0.355945779420826,0.577387553912508,0.357376027909295,0.995997917104747
men-coded,television,33,16683,16683,6011,9838,0.360306899238746,0.589702091949889,0.357376027909295,1.00820108541302
men-coded,television,34,16863,16863,6018,9938,0.356876000711617,0.589337603036233,0.357376027909295,0.998600837329233
men-coded,television,35,16994,16994,6047,9973,0.355831469930564,0.586854183829587,0.357376027909295,0.995678059360145
men-coded,television,36,16973,16973,6070,10065,0.357626819065575,0.59300064808814,0.357376027909295,1.00070175707573
men-coded,television,37,16866,16866,6063,10101,0.359480611881893,0.598897189612238,0.357376027909295,1.00588899033019
men-coded,television,38,16795,16795,6055,10000,0.360523965465913,0.595415302173266,0.357376027909295,1.00880847429816
men-coded,television,39,16573,16573,6060,9930,0.365654980993182,0.599167320340313,0.357376027909295,1.02316594409625
men-coded,television,40,16327,16327,6026,9972,0.369081888895694,0.610767440436088,0.357376027909295,1.03275502572145
men-coded,television,41,16289,16289,5983,9942,0.367303087973479,0.610350543311437,0.357376027909295,1.02777763277033
men-coded,television,42,16048,16048,5979,10003,0.372569790628116,0.623317547357926,0.357376027909295,1.04251477864284
men-coded,television,43,15748,15748,5763,9791,0.365951231902464,0.621729743459487,0.357376027909295,1.0239949054315
men-coded,television,44,15394,15394,5709,9605,0.370858776146551,0.623944393919709,0.357376027909295,1.03772706388879
men-coded,television,45,15081,15081,5480,9308,0.363371129235462,0.617200450898482,0.357376027909295,1.01677533146596
men-coded,television,46,14569,14569,5283,8906,0.362619260072757,0.611297961424944,0.357376027909295,1.01467147137466
men-coded,television,47,14141,14141,5221,8744,0.369210098295736,0.618343822926243,0.357376027909295,1.03311377782016
men-coded,television,48,13635,13635,4928,8344,0.361422808947561,0.611954528786212,0.357376027909295,1.0113235939801
men-coded,television,49,13274,13274,4814,8249,0.362663854150972,0.621440409823716,0.357376027909295,1.01479625332626
men-coded,television,50,12856,12856,4683,8002,0.364265712507778,0.622433105164904,0.357376027909295,1.0192785303446
men-coded,television,51,12461,12461,4503,7549,0.361367466495466,0.605810127598106,0.357376027909295,1.01116873621748
men-coded,television,52,12048,12048,4329,7264,0.359312749003984,0.602921646746348,0.357376027909295,1.00541928093504
men-coded,television,53,11668,11668,4158,6995,0.356359273225917,0.599502913952691,0.357376027909295,0.997154944361193
men-coded,television,54,11246,11246,3994,6588,0.355148497243464,0.585808287391072,0.357376027909295,0.993766983535908
men-coded,television,55,10811,10811,3711,6163,0.343261492923874,0.570067523818333,0.357376027909295,0.960505087406133
men-coded,television,56,10341,10341,3578,5860,0.346001353834252,0.566676336911324,0.357376027909295,0.968171692596209
men-coded,television,57,9884,9884,3363,5516,0.340246863617968,0.558073654390935,0.357376027909295,0.952069632673645
men-coded,television,58,9527,9527,3221,5151,0.338091739267345,0.540673874252126,0.357376027909295,0.946039221615491
men-coded,television,59,9176,9176,3125,4802,0.340562336530078,0.52332170880558,0.357376027909295,0.952952380500788
men-coded,television,60,8748,8748,2935,4528,0.335505258344765,0.517604023776863,0.357376027909295,0.93880180018655
men-coded,television,61,8354,8354,2762,4260,0.330620062245631,0.50993536030644,0.357376027909295,0.925132175708062
men-coded,television,62,7876,7876,2585,3980,0.328212290502793,0.505332656170645,0.357376027909295,0.918394813504661
men-coded,television,63,7519,7519,2426,3715,0.322649288469211,0.494081659795186,0.357376027909295,0.902828570670394
men-coded,television,64,7070,7070,2237,3362,0.316407355021216,0.475530410183876,0.357376027909295,0.885362560192547
men-coded,television,65,6752,6752,2028,3055,0.300355450236967,0.452458530805687,0.357376027909295,0.840446551477145
men-coded,television,66,6397,6397,1921,2789,0.300297014225418,0.435985618258559,0.357376027909295,0.840283037399577
men-coded,television,67,5970,5970,1716,2592,0.287437185929648,0.434170854271357,0.357376027909295,0.804299011355631
men-coded,television,68,5533,5533,1597,2262,0.288631845291885,0.408819808422194,0.357376027909295,0.807641875087219
men-coded,television,69,5171,5171,1441,2102,0.278669502997486,0.406497776058789,0.357376027909295,0.779765516528195
men-coded,television,70,4760,4760,1311,1874,0.275420168067227,0.393697478991597,0.357376027909295,0.770673314823262
men-coded,television,71,4430,4430,1188,1728,0.268171557562077,0.390067720090293,0.357376027909295,0.750390447649558
men-coded,television,72,4149,4149,1103,1527,0.265847192094481,0.368040491684743,0.357376027909295,0.743886470644738
men-coded,television,73,3829,3829,1000,1357,0.261164794985636,0.354400626795508,0.357376027909295,0.730784312852461
men-coded,television,74,3481,3481,884,1208,0.253950014363689,0.347026716460787,0.357376027909295,0.710596107549059
men-coded,television,75,3239,3239,812,1083,0.250694658845323,0.334362457548626,0.357376027909295,0.701487059196234
men-coded,television,76,2964,2964,723,979,0.243927125506073,0.33029689608637,0.357376027909295,0.682550329223492
men-coded,television,77,2699,2699,678,905,0.251204149685069,0.335309373842164,0.357376027909295,0.702912702775986
men-coded,television,78,2393,2393,599,792,0.25031341412453,0.330965315503552,0.357376027909295,0.700420270461066
men-coded,television,79,2088,2088,496,651,0.237547892720307,0.311781609195402,0.357376027909295,0.664700131427389
men-coded,television,80,1849,1849,388,493,0.209843158464035,0.266630611141157,0.357376027909295,0.587177488349316
women-coded,television,19,2018,2018,1143,1735,0.566402378592666,0.859762140733399,0.350863850304213,1.61430816569325
women-coded,television,20,3298,3298,1603,2435,0.486052152819891,0.738326258338387,0.350863850304213,1.38530131388134
women-coded,television,21,4584,4584,1968,2972,0.429319371727749,0.648342059336824,0.350863850304213,1.22360673906848
women-coded,television,22,6016,6016,2413,3766,0.401097074468085,0.625997340425532,0.350863850304213,1.14317013314514
women-coded,television,23,7551,7551,2877,4560,0.381009137862535,0.603893524036552,0.350863850304213,1.08591733668825
women-coded,television,24,8826,8826,3365,5421,0.381259913890777,0.614208021753909,0.350863850304213,1.08663207554785
women-coded,television,25,10157,10157,3824,6242,0.376489120803387,0.614551540809294,0.350863850304213,1.07303479819011
women-coded,television,26,11314,11314,4223,6957,0.373254375110483,0.614901891461906,0.350863850304213,1.06381542238351
women-coded,television,27,12343,12343,4558,7564,0.369278133354938,0.612816981284939,0.350863850304213,1.05248270243503
women-coded,television,28,13201,13201,4805,7983,0.363987576698735,0.60472691462768,0.350863850304213,1.03740404257419
women-coded,television,29,13783,13783,4894,8146,0.35507509250526,0.591017920626859,0.350863850304213,1.01200249668752
women-coded,television,30,14085,14085,4990,8271,0.35427760028399,0.587220447284345,0.350863850304213,1.00972955742467
women-coded,television,31,14192,14192,4943,8241,0.348294813979707,0.580679255918828,0.350863850304213,0.992677968042935
women-coded,television,32,14121,14121,4983,8102,0.352878691310814,0.573755399759224,0.350863850304213,1.00574251523733
women-coded,television,33,13841,13841,4859,7894,0.351058449533993,0.570334513402211,0.350863850304213,1.00055462889554
women-coded,television,34,13449,13449,4676,7673,0.347683842664882,0.570525689642353,0.350863850304213,0.990936633578598
women-coded,television,35,13085,13085,4537,7318,0.346732900267482,0.559266335498663,0.350863850304213,0.988226344682846
women-coded,television,36,12632,12632,4408,6959,0.348955034832172,0.550902469917669,0.350863850304213,0.994559669027215
women-coded,television,37,12108,12108,4125,6496,0.340683845391477,0.536504790221341,0.350863850304213,0.970985882689511
women-coded,television,38,11598,11598,4023,6282,0.346870150025867,0.541645111226074,0.350863850304213,0.988617521369375
women-coded,television,39,11106,11106,3847,5941,0.346389339095984,0.534936070592473,0.350863850304213,0.987247158108909
women-coded,television,40,10560,10560,3645,5659,0.345170454545455,0.535890151515152,0.350863850304213,0.983773205037162
women-coded,television,41,10045,10045,3553,5483,0.35370831259333,0.545843703334993,0.350863850304213,1.00810702580688
women-coded,television,42,9657,9657,3497,5296,0.362120741431086,0.548410479444962,0.350863850304213,1.03208335973373
women-coded,television,43,9294,9294,3276,5028,0.352485474499677,0.540994189799871,0.350863850304213,1.00462180470874
women-coded,television,44,8825,8825,3124,4749,0.35399433427762,0.538130311614731,0.350863850304213,1.00892221860614
women-coded,television,45,8379,8379,3034,4635,0.362095715479174,0.553168635875403,0.350863850304213,1.03201203305847
women-coded,television,46,8022,8022,2841,4248,0.354151084517577,0.529543754674645,0.350863850304213,1.00936897377861
women-coded,television,47,7655,7655,2663,3981,0.347877204441541,0.520052253429131,0.350863850304213,0.991487735598632
women-coded,television,48,7213,7213,2562,3916,0.355192014418411,0.542908637182864,0.350863850304213,1.012335736812
women-coded,television,49,6901,6901,2442,3686,0.353861759165338,0.534125489059557,0.350863850304213,1.00854436516765
women-coded,television,50,6642,6642,2316,3415,0.348690153568202,0.51415236374586,0.350863850304213,0.993804728717062
women-coded,television,51,6304,6304,2230,3317,0.353743654822335,0.52617385786802,0.350863850304213,1.00820775498993
women-coded,television,52,6006,6006,2129,3204,0.354478854478854,0.533466533466534,0.350863850304213,1.01030315369197
women-coded,television,53,5813,5813,2025,2955,0.348357130569413,0.508343368312403,0.350863850304213,0.992855577077472
women-coded,television,54,5505,5505,1895,2777,0.344232515894641,0.504450499545867,0.350863850304213,0.981099978228529
women-coded,television,55,5217,5217,1795,2534,0.344067471727046,0.485719762315507,0.350863850304213,0.980629584463392
women-coded,television,56,4939,4939,1614,2322,0.326786798947155,0.470135654990889,0.350863850304213,0.931377794160949
women-coded,television,57,4701,4701,1555,2221,0.330780684960647,0.472452669644757,0.350863850304213,0.942760802156867
women-coded,television,58,4418,4418,1443,2065,0.326618379357175,0.467406066093255,0.350863850304213,0.930897780076186
women-coded,television,59,4220,4220,1370,1970,0.324644549763033,0.466824644549763,0.350863850304213,0.92527215180918
women-coded,television,60,4002,4002,1300,1787,0.324837581209395,0.446526736631684,0.350863850304213,0.925822312352065
women-coded,television,61,3781,3781,1246,1774,0.329542449087543,0.469188045490611,0.350863850304213,0.939231695718486
women-coded,television,62,3567,3567,1136,1607,0.31847490888702,0.450518643117466,0.350863850304213,0.907688006646707
women-coded,television,63,3376,3376,1081,1524,0.320201421800948,0.451421800947867,0.350863850304213,0.912608755570916
women-coded,television,64,3240,3240,1025,1427,0.316358024691358,0.440432098765432,0.350863850304213,0.901654657261108
women-coded,television,65,3072,3072,1005,1370,0.3271484375,0.445963541666667,0.350863850304213,0.932408503230952
women-coded,television,66,2915,2915,911,1247,0.312521440823328,0.42778730703259,0.350863850304213,0.890719977428165
women-coded,television,67,2758,2758,833,1159,0.302030456852792,0.420232052211748,0.350863850304213,0.860819536099029
women-coded,television,68,2625,2625,779,1043,0.296761904761905,0.397333333333333,0.350863850304213,0.845803591634192
women-coded,television,69,2463,2463,718,953,0.291514413317093,0.386926512383272,0.350863850304213,0.830847672293222
women-coded,television,70,2394,2394,703,932,0.293650793650794,0.389306599832916,0.350863850304213,0.836936587785224
women-coded,television,71,2252,2252,650,832,0.288632326820604,0.369449378330373,0.350863850304213,0.822633413417621
women-coded,television,72,2106,2106,608,797,0.288698955365622,0.378442545109212,0.350863850304213,0.822823311992126
women-coded,television,73,2014,2014,567,745,0.281529294935452,0.369910625620655,0.350863850304213,0.802389002718161
women-coded,television,74,1900,1900,489,623,0.257368421052632,0.327894736842105,0.350863850304213,0.733527893596
women-coded,television,75,1733,1733,447,583,0.257934218118869,0.336410848240046,0.350863850304213,0.735140476555877
women-coded,television,76,1603,1603,427,540,0.266375545851528,0.33686837180287,0.350863850304213,0.75919917546527
women-coded,television,77,1491,1491,388,499,0.260228034875922,0.334674714956405,0.350863850304213,0.741678102917397
women-coded,television,78,1396,1396,328,428,0.234957020057307,0.306590257879656,0.350863850304213,0.669652971811115
women-coded,television,79,1278,1278,288,365,0.225352112676056,0.285602503912363,0.350863850304213,0.642277944794447
women-coded,television,80,1169,1169,282,347,0.241231822070145,0.296834901625321,0.350863850304213,0.687536837610907
