period,scope,age,women_roles,men_roles,women_share
2000-2012,film,20,1431,1032,0.580998781973204
2000-2012,film,21,1844,1279,0.590457893051553
2000-2012,film,22,2182,1615,0.574664208585726
2000-2012,film,23,2507,1800,0.582075690736011
2000-2012,film,24,2821,2194,0.562512462612164
2000-2012,film,25,2933,2586,0.531436854502627
2000-2012,film,26,3096,2981,0.509461905545499
2000-2012,film,27,3157,3148,0.50071371927042
2000-2012,film,28,3041,3372,0.474193045376579
2000-2012,film,29,2976,3507,0.459046737621472
2000-2012,film,30,2922,3716,0.440192829165411
2000-2012,film,31,2845,3910,0.421169504071059
2000-2012,film,32,2578,3896,0.398208217485326
2000-2012,film,33,2319,3885,0.373791102514507
2000-2012,film,34,2251,3916,0.36500729690287
2000-2012,film,35,2113,3945,0.348794981842192
2000-2012,film,36,1933,4031,0.324111334674715
2000-2012,film,37,1809,3869,0.318598097921803
2000-2012,film,38,1746,3898,0.309355067328136
2000-2012,film,39,1527,3840,0.284516489659027
2000-2012,film,40,1546,3774,0.290601503759399
2000-2012,film,41,1497,3612,0.29301233118027
2000-2012,film,42,1265,3537,0.263431903373594
2000-2012,film,43,1217,3394,0.263934070700499
2000-2012,film,44,1136,3293,0.256491307292843
2000-2012,film,45,1045,3331,0.238802559414991
2000-2012,film,46,1083,3261,0.249309392265193
2000-2012,film,47,1013,3204,0.240218164571971
2000-2012,film,48,912,3038,0.230886075949367
2000-2012,film,49,868,2965,0.226454474302113
2000-2012,film,50,797,2957,0.212306872669153
2000-2012,film,51,783,2714,0.223906205318845
2000-2012,film,52,731,2765,0.209096109839817
2000-2012,film,53,716,2519,0.221329211746522
2000-2012,film,54,653,2389,0.214661406969099
2000-2012,film,55,636,2302,0.216473791695031
2000-2012,film,56,626,2301,0.213870857533311
2000-2012,film,57,653,2098,0.237368229734642
2000-2012,film,58,552,2069,0.210606638687524
2000-2012,film,59,556,1983,0.218983851910201
2000-2012,film,60,451,1905,0.191426146010187
2000-2012,film,61,496,1761,0.219760744350908
2000-2012,film,62,437,1674,0.20701089531028
2000-2012,film,63,441,1531,0.223630831643002
2000-2012,film,64,396,1458,0.213592233009709
2000-2012,film,65,421,1360,0.236384053902302
2000-2012,film,66,326,1214,0.211688311688312
2000-2012,film,67,302,1031,0.22655663915979
2000-2012,film,68,304,914,0.249589490968801
2000-2012,film,69,269,876,0.234934497816594
2000-2012,film,70,241,870,0.216921692169217
2000-2012,overall,20,3321,2593,0.561548867095029
2000-2012,overall,21,4075,3029,0.573620495495496
2000-2012,overall,22,4802,3832,0.556173268473477
2000-2012,overall,23,5617,4336,0.564352456545765
2000-2012,overall,24,6279,5145,0.549632352941177
2000-2012,overall,25,6577,5846,0.529421234806407
2000-2012,overall,26,7040,6482,0.520633042449342
2000-2012,overall,27,7228,7132,0.503342618384401
2000-2012,overall,28,7036,7732,0.476435536294691
2000-2012,overall,29,6884,8165,0.457439032493853
2000-2012,overall,30,6904,8600,0.4453044375645
2000-2012,overall,31,6748,9008,0.428281289667428
2000-2012,overall,32,6262,8983,0.410757625450968
2000-2012,overall,33,5842,9056,0.392133172237884
2000-2012,overall,34,5665,9192,0.381301743285993
2000-2012,overall,35,5327,9139,0.3682427761648
2000-2012,overall,36,5068,9245,0.354083700132747
2000-2012,overall,37,4703,9014,0.342859225778231
2000-2012,overall,38,4522,9132,0.331185000732386
2000-2012,overall,39,4179,8944,0.318448525489598
2000-2012,overall,40,3960,8948,0.30678648899907
2000-2012,overall,41,3888,8657,0.309924272618573
2000-2012,overall,42,3506,8398,0.294522849462366
2000-2012,overall,43,3349,8079,0.29305215260763
2000-2012,overall,44,3068,7789,0.282582665561389
2000-2012,overall,45,2883,7450,0.279009000290332
2000-2012,overall,46,2741,7223,0.275090325170614
2000-2012,overall,47,2521,7048,0.263454906468806
2000-2012,overall,48,2484,6648,0.272010512483574
2000-2012,overall,49,2313,6496,0.262572369167896
2000-2012,overall,50,2118,6408,0.248416608022519
2000-2012,overall,51,2048,5768,0.262026612077789
2000-2012,overall,52,1931,5738,0.251792932585735
2000-2012,overall,53,1833,5372,0.25440666204025
2000-2012,overall,54,1770,5086,0.258168028004667
2000-2012,overall,55,1655,4821,0.25555898702903
2000-2012,overall,56,1571,4704,0.250358565737052
2000-2012,overall,57,1516,4361,0.257954738812319
2000-2012,overall,58,1374,4263,0.24374667376264
2000-2012,overall,59,1344,4021,0.250512581547064
2000-2012,overall,60,1166,3824,0.233667334669339
2000-2012,overall,61,1167,3531,0.248403575989783
2000-2012,overall,62,1080,3389,0.241664801969121
2000-2012,overall,63,1033,3129,0.248197981739548
2000-2012,overall,64,984,2926,0.251662404092072
2000-2012,overall,65,986,2656,0.270730367929709
2000-2012,overall,66,835,2345,0.262578616352201
2000-2012,overall,67,769,2047,0.273082386363636
2000-2012,overall,68,738,1919,0.277756868648852
2000-2012,overall,69,651,1730,0.273414531709366
2000-2012,overall,70,652,1672,0.280550774526678
2000-2012,television,20,1890,1561,0.547667342799189
2000-2012,television,21,2231,1750,0.560411956794775
2000-2012,television,22,2620,2217,0.541658052511888
2000-2012,television,23,3110,2536,0.55083244775062
2000-2012,television,24,3458,2951,0.539553752535497
2000-2012,television,25,3644,3260,0.527809965237544
2000-2012,television,26,3944,3501,0.529751511081263
2000-2012,television,27,4071,3984,0.505400372439479
2000-2012,television,28,3995,4360,0.478156792339916
2000-2012,television,29,3908,4658,0.456222274106934
2000-2012,television,30,3982,4884,0.449131513647643
2000-2012,television,31,3903,5098,0.433618486834796
2000-2012,television,32,3684,5087,0.420020522175351
2000-2012,television,33,3523,5171,0.405221992178514
2000-2012,television,34,3414,5276,0.392865362485616
2000-2012,television,35,3214,5194,0.382254995242626
2000-2012,television,36,3135,5214,0.375494071146245
2000-2012,television,37,2894,5145,0.359995024256748
2000-2012,television,38,2776,5234,0.346566791510612
2000-2012,television,39,2652,5104,0.34192882929345
2000-2012,television,40,2414,5174,0.318133895624671
2000-2012,television,41,2391,5045,0.32154384077461
2000-2012,television,42,2241,4861,0.31554491692481
2000-2012,television,43,2132,4685,0.312747542907437
2000-2012,television,44,1932,4496,0.300560049782203
2000-2012,television,45,1838,4119,0.308544569414135
2000-2012,television,46,1658,3962,0.295017793594306
2000-2012,television,47,1508,3844,0.281763826606876
2000-2012,television,48,1572,3610,0.303357776920108
2000-2012,television,49,1445,3531,0.290393890675241
2000-2012,television,50,1321,3451,0.276823134953898
2000-2012,television,51,1265,3054,0.292891873118778
2000-2012,television,52,1200,2973,0.287562904385334
2000-2012,television,53,1117,2853,0.281360201511335
2000-2012,television,54,1117,2697,0.292868379653907
2000-2012,television,55,1019,2519,0.288015828151498
2000-2012,television,56,945,2403,0.282258064516129
2000-2012,television,57,863,2263,0.276071657069738
2000-2012,television,58,822,2194,0.272546419098143
2000-2012,television,59,788,2038,0.278839348903043
2000-2012,television,60,715,1919,0.271450265755505
2000-2012,television,61,671,1770,0.274887341253585
2000-2012,television,62,643,1715,0.272688719253605
2000-2012,television,63,592,1598,0.270319634703196
2000-2012,television,64,588,1468,0.285992217898833
2000-2012,television,65,565,1296,0.303600214938205
2000-2012,television,66,509,1131,0.310365853658537
2000-2012,television,67,467,1016,0.31490222521915
2000-2012,television,68,434,1005,0.301598332175122
2000-2012,television,69,382,854,0.309061488673139
2000-2012,television,70,411,802,0.338829348722176
2013-2025,film,20,1249,846,0.59618138424821
2013-2025,film,21,1547,1138,0.576163873370577
2013-2025,film,22,1890,1350,0.583333333333333
2013-2025,film,23,2337,1606,0.592695916814608
2013-2025,film,24,2666,1950,0.577556325823224
2013-2025,film,25,3013,2157,0.582785299806576
2013-2025,film,26,3311,2507,0.569095909247164
2013-2025,film,27,3487,2862,0.549220349661364
2013-2025,film,28,3696,3146,0.540192926045016
2013-2025,film,29,3774,3545,0.515644213690395
2013-2025,film,30,3725,3546,0.512309173428689
2013-2025,film,31,3691,3771,0.494639506834629
2013-2025,film,32,3681,4042,0.476628253269455
2013-2025,film,33,3573,4349,0.451022469073466
2013-2025,film,34,3527,4379,0.446116873260815
2013-2025,film,35,3320,4372,0.431617264690588
2013-2025,film,36,3048,4484,0.404673393520977
2013-2025,film,37,2836,4586,0.382107248720022
2013-2025,film,38,2634,4577,0.365275273887117
2013-2025,film,39,2587,4494,0.365343877983336
2013-2025,film,40,2412,4557,0.346104175634955
2013-2025,film,41,2349,4528,0.341573360476952
2013-2025,film,42,2266,4534,0.333235294117647
2013-2025,film,43,2177,4408,0.330599848139711
2013-2025,film,44,2193,4512,0.327069351230425
2013-2025,film,45,2072,4503,0.315133079847909
2013-2025,film,46,1904,4370,0.303474657315907
2013-2025,film,47,1851,4258,0.302995580291373
2013-2025,film,48,1747,4171,0.295201081446435
2013-2025,film,49,1667,4232,0.28259026953721
2013-2025,film,50,1555,3925,0.283759124087591
2013-2025,film,51,1542,3937,0.281438218653039
2013-2025,film,52,1474,3845,0.277119759353262
2013-2025,film,53,1485,3748,0.283776036690235
2013-2025,film,54,1377,3587,0.277397260273973
2013-2025,film,55,1215,3397,0.263443191673894
2013-2025,film,56,1129,3400,0.249282402296313
2013-2025,film,57,1061,3277,0.24458275703089
2013-2025,film,58,968,3150,0.235065565808645
2013-2025,film,59,968,2907,0.249806451612903
2013-2025,film,60,963,2837,0.253421052631579
2013-2025,film,61,889,2633,0.252413401476434
2013-2025,film,62,798,2536,0.239352129574085
2013-2025,film,63,795,2346,0.253104106972302
2013-2025,film,64,728,2263,0.243396857238382
2013-2025,film,65,675,2141,0.239701704545455
2013-2025,film,66,686,2062,0.249636098981077
2013-2025,film,67,668,1956,0.254573170731707
2013-2025,film,68,611,1844,0.24887983706721
2013-2025,film,69,560,1649,0.25350837483024
2013-2025,film,70,541,1543,0.259596928982726
2013-2025,overall,20,3202,2450,0.566525123849965
2013-2025,overall,21,3919,3063,0.561300486966485
2013-2025,overall,22,4781,3594,0.570865671641791
2013-2025,overall,23,5748,4318,0.571031194118816
2013-2025,overall,24,6776,5172,0.567124204887847
2013-2025,overall,25,7628,6117,0.554965441978902
2013-2025,overall,26,8410,6970,0.546814044213264
2013-2025,overall,27,8985,7821,0.534630489111032
2013-2025,overall,28,9516,8434,0.530139275766017
2013-2025,overall,29,9667,9009,0.517616191904048
2013-2025,overall,30,9580,9236,0.509141156462585
2013-2025,overall,31,9486,9809,0.491629955947137
2013-2025,overall,32,9431,10321,0.477470635884974
2013-2025,overall,33,9211,10971,0.456396789218115
2013-2025,overall,34,8975,10860,0.452482984623141
2013-2025,overall,35,8527,10913,0.438631687242798
2013-2025,overall,36,7948,11038,0.418624249446961
2013-2025,overall,37,7395,11168,0.398373107795076
2013-2025,overall,38,7103,11021,0.391911277863606
2013-2025,overall,39,6767,10909,0.382835483140982
2013-2025,overall,40,6519,11025,0.371580027359781
2013-2025,overall,41,6327,10959,0.366018743491843
2013-2025,overall,42,6155,11103,0.356646193069881
2013-2025,overall,43,5873,10935,0.349416944312232
2013-2025,overall,44,5753,10990,0.343606283222839
2013-2025,overall,45,5585,10979,0.337177010383965
2013-2025,overall,46,5133,10583,0.326609824382795
2013-2025,overall,47,4915,10320,0.322612405644897
2013-2025,overall,48,4720,10081,0.318897371799203
2013-2025,overall,49,4521,10082,0.309593919057728
2013-2025,overall,50,4197,9570,0.304859446502506
2013-2025,overall,51,4127,9479,0.303322063795384
2013-2025,overall,52,4035,9170,0.305566073457024
2013-2025,overall,53,3821,8892,0.300558483442146
2013-2025,overall,54,3531,8426,0.295308187672493
2013-2025,overall,55,3194,7969,0.286123801845382
2013-2025,overall,56,2921,7747,0.273809523809524
2013-2025,overall,57,2806,7383,0.275395033860045
2013-2025,overall,58,2584,6920,0.271885521885522
2013-2025,overall,59,2509,6417,0.281088953618642
2013-2025,overall,60,2361,6168,0.276820260288428
2013-2025,overall,61,2341,5779,0.288300492610837
2013-2025,overall,62,2090,5500,0.27536231884058
2013-2025,overall,63,2051,5076,0.287778869089378
2013-2025,overall,64,1858,4779,0.279945758625885
2013-2025,overall,65,1777,4453,0.285232744783307
2013-2025,overall,66,1689,4215,0.286077235772358
2013-2025,overall,67,1601,4022,0.284723457229237
2013-2025,overall,68,1445,3600,0.286422200198216
2013-2025,overall,69,1362,3325,0.290590996372946
2013-2025,overall,70,1281,3012,0.298392732354997
2013-2025,television,20,1953,1604,0.549058195108237
2013-2025,television,21,2372,1925,0.55201303234815
2013-2025,television,22,2891,2244,0.562999026290166
2013-2025,television,23,3411,2712,0.557079862812347
2013-2025,television,24,4110,3222,0.560556464811784
2013-2025,television,25,4615,3960,0.538192419825073
2013-2025,television,26,5099,4463,0.533256640870111
2013-2025,television,27,5498,4959,0.525772210002869
2013-2025,television,28,5820,5288,0.523946705077422
2013-2025,television,29,5893,5464,0.518887030025535
2013-2025,television,30,5855,5690,0.507145950627978
2013-2025,television,31,5795,6038,0.489732105129722
2013-2025,television,32,5750,6279,0.478011472275335
2013-2025,television,33,5638,6622,0.459869494290375
2013-2025,television,34,5448,6481,0.456702154413614
2013-2025,television,35,5207,6541,0.443224378617637
2013-2025,television,36,4900,6554,0.427798149118212
2013-2025,television,37,4559,6582,0.409209227178889
2013-2025,television,38,4469,6444,0.409511591679648
2013-2025,television,39,4180,6415,0.394525719679094
2013-2025,television,40,4107,6468,0.388368794326241
2013-2025,television,41,3978,6431,0.382169276587568
2013-2025,television,42,3889,6569,0.371868426085294
2013-2025,television,43,3696,6527,0.361537709087352
2013-2025,television,44,3560,6478,0.354652321179518
2013-2025,television,45,3513,6476,0.351686855541095
2013-2025,television,46,3229,6213,0.34198263079856
2013-2025,television,47,3064,6062,0.33574402805172
2013-2025,television,48,2973,5910,0.33468422830125
2013-2025,television,49,2854,5850,0.327895220588235
2013-2025,television,50,2642,5645,0.318812598045131
2013-2025,television,51,2585,5542,0.31807555063369
2013-2025,television,52,2561,5325,0.324752726350495
2013-2025,television,53,2336,5144,0.312299465240642
2013-2025,television,54,2154,4839,0.308022308022308
2013-2025,television,55,1979,4572,0.30209128377347
2013-2025,television,56,1792,4347,0.291904218928164
2013-2025,television,57,1745,4106,0.29823961715946
2013-2025,television,58,1616,3770,0.300037133308578
2013-2025,television,59,1541,3510,0.305088101366066
2013-2025,television,60,1398,3331,0.295622753224783
2013-2025,television,61,1452,3146,0.315789473684211
2013-2025,television,62,1292,2964,0.303571428571429
2013-2025,television,63,1256,2730,0.315102860010035
2013-2025,television,64,1130,2516,0.309928688974218
2013-2025,television,65,1102,2312,0.322788517867604
2013-2025,television,66,1003,2153,0.317807351077313
2013-2025,television,67,933,2066,0.311103701233745
2013-2025,television,68,834,1756,0.322007722007722
2013-2025,television,69,802,1676,0.32364810330912
2013-2025,television,70,740,1469,0.334993209597103
