scope,age,women_retention,men_retention,retention_ratio
film,19,1.29952247645219,1.05817270239498,1.2280816482139
film,20,1.24274736206872,0.997198173945912,1.24623910726909
film,21,1.23946010445599,0.980389346455765,1.26425293067168
film,22,1.20067132163983,0.956007707340989,1.25592221947598
film,23,1.12394792986423,0.896028780565105,1.25436588002829
film,24,1.12497965965285,0.939508461980547,1.19741301454733
film,25,1.12982954465637,0.960698032255297,1.17605064934298
film,26,1.1001890928262,0.956125517888625,1.15067433327761
film,27,1.05854174927116,0.999833917390757,1.05871758384994
film,28,1.05349082251583,0.969230097311248,1.08693572913009
film,29,1.0251783007485,0.997647482308602,1.02759573790152
film,30,1.03221631639057,0.973602922591604,1.06020256558284
film,31,1.00864561937893,0.997082976381036,1.0115964701753
film,32,1.00557579354116,1.00215220094957,1.00341624015628
film,33,0.980953795221667,1.01146110131101,0.969838379301191
film,34,0.970539931134399,1.01224157505311,0.958802676212423
film,35,0.947717680146597,1.01434008516807,0.934319459522853
film,36,0.935636909445626,1.01907090047914,0.918127393300816
film,37,0.91882191505773,1.0285974630832,0.893276474067495
film,38,0.895122378527377,1.03540178989929,0.864516931745347
film,39,0.911798832637406,1.03451285835642,0.881379893224355
film,40,0.931037366646544,1.03978065304383,0.895417090057452
film,41,0.939433207817542,1.0610912979932,0.885346255872853
film,42,0.931887138168192,1.06403050693846,0.875808665345053
film,43,0.930901689606206,1.0363133212188,0.898282083753766
film,44,0.967058227521669,1.06991950541675,0.903860732163196
film,45,0.929469863151868,1.1027004735759,0.842903295522971
film,46,0.944621167779721,1.07014059867961,0.882707532958973
film,47,0.945865461276682,1.08792773528697,0.869419383840953
film,48,0.946150285398166,1.06818777184655,0.88575277711949
film,49,0.927406891978673,1.08787473624224,0.852494189893718
film,50,0.926751025019857,1.05814786382631,0.875823745150967
film,51,0.986895578331707,1.08250899219969,0.911674254387769
film,52,0.918920077317244,1.06848653591096,0.860020268326356
film,53,0.942000874655282,1.05071034888056,0.896537162367255
film,54,0.932375504720273,1.04949962182338,0.888400038773128
film,55,0.891358618527151,1.04887354088381,0.849824677411607
film,56,0.90470583704258,1.09061161570759,0.829539887538795
film,57,0.944243142256074,1.06470120720662,0.886862094139457
film,58,0.86510660771153,1.05645198556637,0.818879248210926
film,59,0.876376383712915,1.03947446352448,0.843095635790261
film,60,0.85089277250759,1.06294139415882,0.800507701726079
film,61,0.89434765140209,1.01612863619905,0.880151999994318
film,62,0.798071103114122,1.0415234124536,0.766253637288905
film,63,0.884436683719838,0.997016547850589,0.887083254161171
film,64,0.796930706244358,1.02473288180981,0.777696041954732
film,65,0.865868158048535,0.973872180764687,0.889098359261739
film,66,0.81204504603554,0.95994284205742,0.845930622593222
film,67,0.821965418241116,0.923669708153696,0.88989106277408
film,68,0.854810467115823,0.927833305508459,0.9212974594045
film,69,0.766929932769193,0.900785244393257,0.851401527215042
film,70,0.739632068371475,0.882923231992863,0.837708241861568
film,71,0.746651214939171,0.848223243897394,0.880253188427703
film,72,0.722142534776189,0.850004692991515,0.849574762034164
film,73,0.763948119150716,0.818494608262402,0.933357546206096
film,74,0.663104157114035,0.835200597247468,0.793945980521801
film,75,0.692773588783634,0.808132231379599,0.857252763698051
film,76,0.63562024410901,0.744766919133452,0.85344854581963
film,77,0.583571479906797,0.757927518239461,0.769956843976765
film,78,0.65217629235034,0.728591639356545,0.895119099810573
film,79,0.632565552432208,0.674025373908608,0.938489227436679
film,80,0.630512184844682,0.709207338269909,0.88903787485166
overall,19,1.44451437674968,1.36236694413861,1.06029758206076
overall,20,1.28705844114058,1.16359769409665,1.10610260545401
overall,21,1.20218001491579,1.07160488878322,1.1218500657279
overall,22,1.14504619687065,1.00646141854132,1.13769507283267
overall,23,1.10031780856749,0.963334127351616,1.14219747575275
overall,24,1.1019180268221,0.984290177711443,1.1195052554361
overall,25,1.08255204715615,0.997977428106649,1.08474602397567
overall,26,1.08070172880042,1.00203545661708,1.07850647565798
overall,27,1.05927572697375,1.00432856035705,1.05471034956644
overall,28,1.04790245194279,0.991144193797039,1.05726538933585
overall,29,1.01488692338569,0.985428918102017,1.02989358719086
overall,30,1.0156509408047,0.996708640568681,1.019004852035
overall,31,1.0077609299544,0.992772068381686,1.01509798880336
overall,32,0.996914773219891,0.99869631115925,0.998216136457647
overall,33,0.994913598310136,1.00704881718085,0.987949721340534
overall,34,0.983506795967695,1.00396361576293,0.979623943065214
overall,35,0.968337781369171,1.00025573242724,0.968090209310157
overall,36,0.970286043758373,0.998955846883167,0.971300229920826
overall,37,0.947687685678633,1.00280815717278,0.945033882004363
overall,38,0.954252159321454,1.01051697040365,0.944320765776236
overall,39,0.965507820677143,1.01521145207601,0.951041104493817
overall,40,0.969060695039843,1.03048339845167,0.940394281456528
overall,41,0.981756733923889,1.02295751860005,0.959723855656741
overall,42,0.994940036443501,1.03689812040734,0.959534998532592
overall,43,0.977956470278669,1.01617302536914,0.962391685139855
overall,44,0.982108643707301,1.03301674621565,0.950718995897361
overall,45,0.990348991913043,1.03759277748575,0.954467892801662
overall,46,0.976776432305482,1.02919985240743,0.949063906315842
overall,47,0.967324927743985,1.03239875249429,0.936968322953617
overall,48,0.983846344096781,1.01420556926636,0.970066004280035
overall,49,0.9802536473296,1.01640490868438,0.964432224750299
overall,50,0.974178423521238,1.01603948842981,0.958799765771638
overall,51,0.997649022406739,1.01630455261698,0.981643760069557
overall,52,0.991767934161761,1.01402881214115,0.978047095198032
overall,53,0.98956588904392,1.00350735886321,0.986107257015947
overall,54,0.963343059276876,0.997407731051776,0.965846793929521
overall,55,0.947109229540076,0.971641096913966,0.974752130748889
overall,56,0.925190461943146,0.997332856305114,0.927664676937208
overall,57,0.93390144650161,0.980379135744624,0.952592127322546
overall,58,0.912168584894547,0.971939880293455,0.9385030940588
overall,59,0.897666048724666,0.962199455357187,0.932931362335302
overall,60,0.89720195986359,0.976055678504848,0.919211864263677
overall,61,0.921689549688168,0.94846191474271,0.971772862316981
overall,62,0.862838989927462,0.943795752068387,0.914222158805543
overall,63,0.896273655420397,0.916945078533209,0.977456203651936
overall,64,0.861066601292825,0.913160334920881,0.942952259711796
overall,65,0.888863536739542,0.872901640130728,1.01828601972431
overall,66,0.853647438129853,0.871015523006791,0.980059959417276
overall,67,0.828572245503801,0.832253447399962,0.995576825896412
overall,68,0.838674559967547,0.841609510756413,0.996512692939713
overall,69,0.802237728466018,0.80142976158592,1.00100815682025
overall,70,0.818257997907371,0.797037359005982,1.02662439678844
overall,71,0.77677350295566,0.771619891041789,1.00667895161038
overall,72,0.79539414698223,0.768253642046393,1.03532753175571
overall,73,0.790545910005068,0.752781027118156,1.05016715555583
overall,74,0.716576707394213,0.740836310075821,0.967253761253785
overall,75,0.720814262952968,0.721994770506984,0.998364936143253
overall,76,0.72015399316858,0.699210731879726,1.02995271716232
overall,77,0.688110598043934,0.702793951061029,0.979107172173399
overall,78,0.676565658707662,0.672301172856953,1.00634311826735
overall,79,0.667295251319248,0.639100837632826,1.04411575142172
overall,80,0.665862795934372,0.612386610953228,1.08732422300661
television,19,1.61430816569325,1.53988021227939,1.04833359947115
television,20,1.38530131388134,1.29094226732651,1.07309315756641
television,21,1.22360673906848,1.13256057595091,1.08038966307928
television,22,1.14317013314514,1.05598486499085,1.08256299028969
television,23,1.08591733668825,1.00172158049085,1.08405105553994
television,24,1.08663207554785,0.998072219153171,1.08873091014378
television,25,1.07303479819011,1.00789308945942,1.06463156599837
television,26,1.06381542238351,1.01085835727714,1.05238821514918
television,27,1.05248270243503,1.00768464146235,1.04445642925318
television,28,1.03740404257419,0.992397982124588,1.04535081818007
television,29,1.01200249668752,0.99165916378491,1.02051444049079
television,30,1.00972955742467,0.997612826253117,1.01214572512772
television,31,0.992677968042935,0.999181213812275,0.99349142509943
television,32,1.00574251523733,0.995997917104747,1.00978375352522
television,33,1.00055462889554,1.00820108541302,0.992415742625046
television,34,0.990936633578598,0.998600837329233,0.992325057756678
television,35,0.988226344682846,0.995678059360145,0.992515939658158
television,36,0.994559669027215,1.00070175707573,0.993862219182607
television,37,0.970985882689511,1.00588899033019,0.965301233062291
television,38,0.988617521369375,1.00880847429816,0.979985345639733
television,39,0.987247158108909,1.02316594409625,0.964894466831509
television,40,0.983773205037162,1.03275502572145,0.952571694676505
television,41,1.00810702580688,1.02777763277033,0.9808610283623
television,42,1.03208335973373,1.04251477864284,0.989993984619878
television,43,1.00462180470874,1.0239949054315,0.981080862199609
television,44,1.00892221860614,1.03772706388879,0.972242368648744
television,45,1.03201203305847,1.01677533146596,1.01498531791732
television,46,1.00936897377861,1.01467147137466,0.994774172975547
television,47,0.991487735598632,1.03311377782016,0.959708172405404
television,48,1.012335736812,1.0113235939801,1.00100081006507
television,49,1.00854436516765,1.01479625332626,0.993839267598675
television,50,0.993804728717062,1.0192785303446,0.975008007262813
television,51,1.00820775498993,1.01116873621748,0.997071723915609
television,52,1.01030315369197,1.00541928093504,1.00485754833783
television,53,0.992855577077472,0.997154944361193,0.995688365877306
television,54,0.981099978228529,0.993766983535908,0.987253545833945
television,55,0.980629584463392,0.960505087406133,1.02095199423837
television,56,0.931377794160949,0.968171692596209,0.961996514960487
television,57,0.942760802156867,0.952069632673645,0.990222531842932
television,58,0.930897780076186,0.946039221615491,0.983994911422965
television,59,0.92527215180918,0.952952380500788,0.97095318794727
television,60,0.925822312352065,0.93880180018655,0.986174411007834
television,61,0.939231695718486,0.925132175708062,1.01524054657339
television,62,0.907688006646707,0.918394813504661,0.988341825650021
television,63,0.912608755570916,0.902828570670394,1.01083282609594
television,64,0.901654657261108,0.885362560192547,1.01840161059557
television,65,0.932408503230952,0.840446551477145,1.10942034516315
television,66,0.890719977428165,0.840283037399577,1.06002375126443
television,67,0.860819536099029,0.804299011355631,1.07027302526225
television,68,0.845803591634192,0.807641875087219,1.04725078989107
television,69,0.830847672293222,0.779765516528195,1.06550963678474
television,70,0.836936587785224,0.770673314823262,1.0859810138582
television,71,0.822633413417621,0.750390447649558,1.09627383450089
television,72,0.822823311992126,0.743886470644738,1.10611409732855
television,73,0.802389002718161,0.730784312852461,1.09798334283642
television,74,0.733527893596,0.710596107549059,1.03227119569517
television,75,0.735140476555877,0.701487059196234,1.04797439513453
television,76,0.75919917546527,0.682550329223492,1.11229772071018
television,77,0.741678102917397,0.702912702775986,1.05514966508404
television,78,0.669652971811115,0.700420270461066,0.956073089332926
television,79,0.642277944794447,0.664700131427389,0.96626721498491
television,80,0.687536837610907,0.587177488349316,1.17091825087458
